DISTRICT|SYear|Enroll_AfAm_Per_18|Enroll_Hisp_Per_18|Enroll_White_Per_18|Enroll_AmInd_Per_18|Enroll_Asian_Per_18|Enroll_HawPi_Per_18|Enroll_TwoMore_Per_18|Enroll_09_Per_18|Enroll_EcoDis_Per_18|Enroll_Lep_Per_18|Enroll_Daep_Per_18|Enroll_AtRisk_Per_18|Enroll_Mobile_Per_18|Enroll_BilEsl_Per_18|Enroll_CTE_Per_18|Enroll_Gt_Per_18|Enroll_Se_Per_18
001902|17-18|3.5|6.8|84.3|0|0.9|0|4.5|8|43|0.2|0.5|39.3|13.5|0.2|27.8|9.9|14.4
001903|17-18|3.9|11.1|80|0.2|0.6|0.2|4|9.5|54.9|1.5|0.4|29.4|14|1.4|32.2|3.3|10.5
001904|17-18|8.7|9.1|77.3|0.3|0.9|0|3.7|7.1|53.7|2.2|0.3|38.9|15.4|2.2|25.5|8.3|10.1
001906|17-18|8.3|12.8|76.4|0.3|0.3|0|1.9|6.4|47.5|1.4|0|27.8|13.1|1.4|43.1|7.5|9.7
001907|17-18|27.8|40.4|27.3|0.3|0.9|0.1|3.3|7.9|69.1|16.9|3.2|59.1|12.6|15.4|34.2|2.7|9.2
001908|17-18|17.6|26.4|51.3|0.8|0.4|0|3.6|7.9|59.5|6.2|0.9|53.1|15|5.8|26.3|2.2|10.8
001909|17-18|1.7|5.4|88.7|0.5|0.9|0|2.8|7.1|49.2|1.2|1.1|35.7|18.1|1.2|36.4|4.3|12.5
002901|17-18|0.8|67.5|29.3|0.4|0.3|0|1.6|8|39.7|11.7|1.7|41.5|12.7|13|22.4|5.3|7.2
003801|17-18|16.4|25.6|54.1|0|1.4|0.1|2.5|6.5|50.7|5.4|0.2|27.2|5.4|5.4|10|9.8|8
003902|17-18|6.4|24.7|64.9|0.8|1|0|2.2|7.4|53.1|6.9|2|38.7|12.1|6.5|32.1|5.7|8.4
003903|17-18|29|41.3|25.8|0.2|1.2|0.1|2.5|7|74|18.9|3.7|63.2|17|23.7|23.8|11.4|10.4
003904|17-18|2.8|7.3|86.3|0.6|0.1|0|2.9|7.3|55|0.9|1.3|48.8|15.6|0.9|33.4|4.4|8.8
003905|17-18|11.7|53.7|32|0.2|0.4|0.1|2|6.1|88.7|16.1|1|61.6|11.2|15.9|24.6|3.6|9.6
003906|17-18|0.8|4.3|89.9|0|0|0|4.9|9.8|63.6|0|1.2|47.3|19.4|0|35.3|2.7|12.8
003907|17-18|4.9|20.9|70.9|0.3|0.1|0|2.8|7.6|55.6|3.9|2.1|42.8|15.8|3.7|34.6|4.7|12.4
004901|17-18|0.8|42.3|51.5|0.4|2.5|0.1|2.4|7.1|96.3|4.5|2.8|99.6|16.2|4.5|22.6|4.8|9
005901|17-18|0.2|13.5|81.4|1.1|0.6|0|3.2|7.8|41.2|1.7|1.5|32.8|13.3|1.7|29.6|7.2|13.3
005902|17-18|0.4|8.2|88.8|0.5|0.1|0|2.1|8|25|0.3|0.4|32.4|6.9|0.3|26.3|5.3|8.5
005904|17-18|0|27.3|70.8|1.2|0|0|0.7|6.5|26.6|5.8|0|36.2|5.6|5.8|36.9|8.9|8.9
006902|17-18|1.3|11|82.8|1.3|0.3|0|3.2|7|42.7|1.9|0.3|32.3|12.9|1.9|28.2|3|10.2
007901|17-18|0|88.6|11.4|0|0|0|0|6.9|70.9|5.9|2.4|74|14.7|5.5|29.5|4.7|11.6
007902|17-18|0.7|61.1|36.6|0.1|0.4|0|1.1|7.5|50.9|2.3|1.2|37.2|17.2|2.2|28.8|4|9.1
007904|17-18|0.7|80.6|17.6|0.3|0.1|0.2|0.7|6.6|72.7|11.1|2.1|54.8|17.5|10.5|32.9|3.1|7.6
007905|17-18|0.6|69|28.8|0.2|0.4|0|0.9|7.8|58.7|3.1|2.6|46.8|15.1|3|26.7|4.3|8.9
007906|17-18|0.4|87.1|11.6|0.1|0.1|0|0.6|8|76.6|5.2|2.5|55.7|15.1|4.9|34.8|5|8.1
008901|17-18|9.1|30.7|57.3|0.2|0.6|0|2.1|9.3|47.7|9.1|0.7|42.6|7.8|9|35.4|10.4|9.5
008902|17-18|8.6|49.8|38.1|0.1|0.7|0.1|2.5|8.3|58.5|14.4|1.1|47.5|12.6|13.7|28.6|4.8|8.9
008903|17-18|8.4|51.4|37.5|0|0.5|0|2.1|9.2|61.6|15.5|2.7|48.9|22.4|14.9|28.4|3.1|11.3
009901|17-18|0.5|84.5|14.3|0.1|0.5|0|0.1|6.1|83.2|19.6|2.8|62.5|11.4|19.4|27.9|1.7|13.4
010901|17-18|2.8|23.6|70.8|0|0|0|2.8|6.8|64.9|1.2|0.6|60.9|23|1.2|33.9|7.5|8.4
010902|17-18|0.4|32.9|63.7|0.3|0.4|0.1|2.2|7.4|49.1|4.4|1.8|46.5|16.1|4.2|33.5|4.8|11.5
011901|17-18|4.1|66.2|26.5|0.3|0.4|0|2.6|8.9|68.8|25.9|2.3|60.8|17.3|24.8|24.1|6.6|10.7
011902|17-18|11.8|66|19.5|0.1|0.4|0|2.2|7.9|75.9|27.5|2.3|72.5|14.1|31.3|32.2|8.1|9.7
011904|17-18|7.5|31.8|55.9|0.3|0.8|0|3.7|7.9|59.9|7.2|3.2|52.5|12.6|7|24.5|7.6|10
011905|17-18|1.2|50.3|47.2|0|0|0|1.2|4.6|62.3|19.1|0|48.5|15.6|18.2|14.5|7.7|9.9
012901|17-18|1.7|21.1|71.2|0.3|0.7|0|4.9|8.1|57.2|0.5|0.3|36|13.6|0.5|28.1|2.8|11.3
013801|17-18|1.3|80.1|15.1|0|2|0|1.5|0|85.3|1.1|0|48.8|7.4|1.1|0|5.3|7
013901|17-18|2.9|83.1|12.7|0|0.3|0.1|0.8|8.9|69.6|2.2|2.1|56.9|13.7|1.8|26.3|3.9|10.1
013902|17-18|2.7|77|18|0|0.3|0|2|0|78.7|2|0|21|16.3|1.7|0|1.7|5.7
013903|17-18|1.4|66.7|30.5|0.9|0.2|0|0.2|8.6|75.1|0.7|2.4|64.6|20.9|0.7|46.4|3.3|11
013905|17-18|1|68.7|28.1|0.6|0.7|0.2|0.7|8.4|60.6|1.6|1.3|40.8|12.9|1.6|34.1|6.8|10.7
014801|17-18|12.9|63.3|20.8|0.3|0.6|0.2|1.9|18.7|73.9|5|0|94.3|73|4.7|54|0|10.8
014803|17-18|17.1|24.8|47.3|0.5|3.3|0.4|6.6|5.6|54.7|3.6|0|27.7|33.5|3.3|20.9|0|11.3
014804|17-18|4.5|20.9|65.9|0.2|3.2|0.2|5.1|7.8|16.2|1.1|0|33.5|19.2|0.7|0|0|9
014901|17-18|5.4|20.7|68.3|0.7|1.1|0.3|3.5|7.1|39.3|4.4|1.4|32.7|9.8|4.3|25.5|7.9|7.9
014902|17-18|12.3|62.6|21.9|0.3|0.6|0|2.3|6.7|83.3|12|0|65.5|13.2|12|28.1|0.3|8.8
014903|17-18|6.8|33.6|52.5|0.6|1.9|0.3|4.2|7.9|45.4|6.7|1.1|43.3|13.4|6.5|22.7|8.5|11.7
014905|17-18|2.7|27.5|67.8|0|0|0|1.9|7.8|46.1|1.8|0.1|28.9|7.8|1.8|38.3|5.7|6.7
014906|17-18|34.9|30.2|22.4|0.6|2.5|2.1|7.3|7.6|56.6|10.4|2|52.5|27.7|9.3|18.3|3.1|11.7
014907|17-18|1.6|31.6|64.7|0.3|0.6|0|1.2|7.7|45.4|4.8|0.2|52.7|11.7|4.6|30.6|8.5|7.6
014908|17-18|1.2|21.9|72.6|0.3|0.8|0.1|3.1|9.5|24.8|5.2|0.6|27.3|9.8|5.2|24.4|6.4|5.7
014909|17-18|27.8|42.8|23.5|0.4|1.8|0.2|3.5|8.1|74.4|10.8|2.3|62.1|27.2|11.5|24.6|6.6|11
014910|17-18|2|27.5|67.3|0.4|0.3|0|2.5|7.9|50.9|3.2|0.9|39.5|12.3|3.1|22.6|6.5|12.7
015801|17-18|3.7|90|5.6|0.4|0|0|0.4|31.2|84.4|0|0|61.7|66.5|0|92.6|0|11.9
015802|17-18|41.7|52.4|3.3|0.1|0.1|0.1|2.2|4.1|100|18.6|0|100|42.3|20|17.4|0|6.3
015805|17-18|0.7|95.5|3|0.3|0|0.3|0.3|7.5|83.1|9.1|0|63.7|22.6|8.9|1|0|6.5
015806|17-18|25.9|68.2|1.9|0|0.3|0.3|3.3|5.7|89.5|20.1|0|71.1|21.8|19.9|30.3|0|7
015807|17-18|13.8|68.8|13.7|0.3|0.1|0.1|3.2|8.6|77.9|12.2|0.3|74.4|39.3|8.8|38.5|4.6|10.8
015808|17-18|11.4|52.2|31.9|0.9|0.5|0|3|24.6|57.1|1.3|0|58.5|83.3|0.9|4.5|0|21.1
015809|17-18|4|92.2|3.2|0.3|0|0|0.3|0|96.3|25.7|0|84.5|18|24.9|0|0.3|10.4
015814|17-18|5.6|91.2|2.4|0.8|0|0|0|33.6|92|6.4|0|92|74|6.4|12|0|6.4
015815|17-18|12.4|73.6|11.4|0.6|0|0.4|1.6|9.8|71.3|29.1|0|87.8|15.1|29.9|49.6|0|8.3
015822|17-18|7.1|81.3|8.7|0.1|1|0|1.7|3.5|62.5|19.1|0|55.7|29.9|17.3|3.7|7.6|6.6
015825|17-18|11.3|83.1|4|0|0|0|1.7|0|85.4|22.2|0|56.3|27.8|21.5|0|7|7.3
015826|17-18|2.3|95.7|1.6|0.1|0.1|0|0.2|7.1|85.7|30.6|0|58|12.5|50.6|0|0|8.3
015827|17-18|17.9|45.9|27.9|0.2|4.4|0.1|3.7|6.3|62|12.1|0|29.6|14.7|11.6|21.2|9.4|6.8
015828|17-18|5.1|68|25|0.2|1|0|0.7|7.1|75.5|27.6|0|52.4|13.7|25.9|23.3|9.7|6.4
015830|17-18|4.5|82.9|8.7|0.1|2.4|0.1|1.2|6.6|69.1|6.9|0|25|21.1|6.7|31.7|6.7|5.7
015831|17-18|13.2|52.4|27.7|0|4.8|0|1.8|2.7|74.3|9.4|0|29.3|17.4|9.1|14.5|8.4|7.5
015833|17-18|2.2|82.5|11.7|0.7|0.7|1.5|0.7|19.7|47.4|0.7|0|52.6|32.4|0.7|84.7|0|8
015834|17-18|3.4|16.6|37.5|0.8|35.4|0.2|6|4.4|4.2|7.3|0|14.6|10.4|6.1|0|0|1.6
015835|17-18|2.6|32.8|45.9|0|14.3|0|4.5|6.1|15|5|0|25.7|5.5|4.2|0|0|5.1
015836|17-18|1.3|54.5|34.5|0.3|4.7|0|4.7|0|11.3|4.4|0|23.5|12.8|4.4|0|0|4.7
015837|17-18|7.5|77.4|12.4|1.3|0.4|0|0.9|18.6|59.3|1.3|0|77|38.2|0|0|0|11.1
015838|17-18|4.4|87.8|7.8|0|0|0|0|0|78.9|13.3|0|17.8|0|11.1|0|0|11.1
015901|17-18|2.3|41.1|51.3|0.4|3.8|0.1|1|9.2|20.7|5.5|1.1|30.4|7.1|8|12.2|19.7|7.9
015904|17-18|0.3|97.8|1.6|0|0.1|0|0.1|8|87.3|17.7|2.5|74.8|21.6|20.8|35.5|6.2|9.3
015905|17-18|1.5|97.4|0.6|0|0.3|0|0.1|7.3|93.2|19.7|1.7|74|24|19.3|24.7|5.2|10
015906|17-18|17|22.6|44.5|0.2|3.5|1.2|11|7.9|7.9|0.5|0.5|24.4|13.6|0.3|21|10.6|7.6
015907|17-18|6.4|90.4|2.2|0.1|0.3|0|0.5|7.8|90.7|18.9|1.5|73.5|23.6|17.5|23.8|6.2|10.3
015908|17-18|1.1|97.2|1.3|0.1|0.1|0.1|0.1|9.2|86.5|16.3|1.3|72.5|19.4|15.5|26.3|6.7|9.2
015909|17-18|0.5|87.8|10.8|0.2|0.1|0.1|0.5|8.3|77.3|15.4|2.3|61.2|14.8|13.7|31.9|5.1|9.1
015910|17-18|7.3|59.4|25.7|0.2|3.8|0.1|3.4|8.7|46.6|12.1|1.5|45|17.1|14.3|22.3|6.8|9.6
015911|17-18|8.2|74.4|15.2|0.1|0.5|0|1.5|9.1|64.9|10.8|3|50.2|17.2|15.3|24.7|5.5|10.6
015912|17-18|3.2|90.5|4.9|0.2|0.4|0.1|0.9|8.6|82.4|16|2.9|70|18.1|15.8|23.2|9.4|11.6
015913|17-18|15.9|25.3|43.1|0.1|1.5|1.5|12.6|5.7|27.2|1.8|0.2|19.9|26.2|1.8|17.9|7.7|10.7
015914|17-18|16.9|31.3|37.5|0.7|2.5|1|10|6.1|29.7|1.7|0.6|25.6|22.1|1.7|19.6|7.2|12.4
015915|17-18|6.4|67.9|19.2|0.1|3.3|0.3|2.8|8.1|48.1|8.7|1.2|47|17.3|7.9|23.4|8|11.6
015916|17-18|21.4|57.1|15.3|0.2|2|0.4|3.6|8.6|63.4|9.1|2.2|73.4|21.8|8.7|28.3|7|10.6
015917|17-18|1.6|90.8|7|0|0.2|0|0.4|9.1|82.1|18|2.5|69.9|22.1|18.1|31.8|8.2|10.6
016901|17-18|0|28.2|68.8|0|0.6|0|2.4|7.2|31.7|6.1|0.3|27.2|11.1|6.1|33|2.7|9.1
016902|17-18|0.6|41|56.7|0|0.3|0|1.5|8.7|44.6|7.6|1.4|37.2|8.9|7.6|29.3|7.7|10.3
017901|17-18|0.4|18|79|0.4|0|0|2.1|10.3|24.9|0.9|0|27|6.5|0.9|42.9|3.4|8.6
018901|17-18|2.2|34|57.4|0.7|1.1|0|4.6|7|56.6|7.6|2.8|39.8|13.8|7.6|30.3|5.2|11.5
018902|17-18|3|35.9|56.7|0|0.4|0|4|8.5|63.6|5.5|1.8|33.8|10.4|5.1|34.7|2.3|12.5
018903|17-18|0.8|61.7|30.8|0.8|0|0|6|11.3|76.7|5.3|0.7|12|22.7|5.3|33.1|0.8|18
018904|17-18|3.1|24.9|68.8|0|0.2|0|3|6.9|54.5|5.9|0.4|41|12.7|5.9|33.3|4.2|12.5
018905|17-18|0|58.8|40.7|0|0|0|0.6|5.6|80.2|19.2|1|54.8|15.2|18.6|31.1|9|14.7
018906|17-18|0|27.1|70.7|0|0.7|0|1.4|7.9|56.4|0.7|0.7|45|15.3|0.7|53.6|0.7|12.1
018907|17-18|0.9|12.1|86.6|0|0|0|0.4|6.9|72.8|0.9|0|13.4|18.4|0.9|25|2.6|10.3
018908|17-18|1.4|31.2|63|0|0|0|4.3|5.1|67.4|8.7|0.7|42.8|15.2|8.7|47.8|0|10.9
019901|17-18|20|11.7|61.6|0.8|0.1|0|5.8|7.3|66.7|4.3|0.8|38.7|17|3.9|26.9|7.1|9.8
019902|17-18|12.3|10.1|68.8|0.2|0.1|0|8.5|9.6|54.1|3.4|1.1|42|15|3.4|37.9|8.9|10.7
019903|17-18|7.2|4.3|83.2|0.4|0|0.2|4.7|7.8|59.2|0|1.4|25.4|11.4|0|26|4.1|10.7
019905|17-18|22.3|8|60.2|0.2|0.3|0.2|8.8|7.5|70.6|2.5|1.5|56.8|16.6|2.4|28|7.4|15.5
019906|17-18|3.2|2.9|90.5|0.5|0.8|0.3|1.9|6.7|39.2|0.8|1.4|32.4|11.9|0.8|28.9|9.7|10.1
019907|17-18|44.6|14.3|34.3|0.4|1.2|0.1|5.1|7.3|67.9|6.9|2.8|46.8|15.2|6.9|24.2|5.5|9
019908|17-18|51.8|6.5|35.3|0.6|0.1|0.1|5.6|7.5|79.2|2.1|3.1|61.4|17.6|2|28.3|3|12.5
019909|17-18|0.2|4.4|91.2|1|0.4|0|2.8|9.2|54.3|0.4|0|36.7|15.8|0.4|37.3|4.4|15.6
019910|17-18|0.5|5.9|85.6|2.1|0|0|5.9|0|47.6|0|0|11.8|9.9|0|0|4.3|4.8
019911|17-18|0.8|3.9|92.2|0.6|0.4|0|2.2|0|9.6|0|0.2|13.7|9.4|0|0|10.2|4.1
019912|17-18|15.7|8.1|68.1|0.4|3.2|0.1|4.2|8.5|32.3|3.3|0.8|28.4|8.8|3.2|30.5|15.2|10.9
019913|17-18|0|23.7|67.7|3.2|0|0|5.4|0|67.7|15.1|0|33.3|10.3|15.1|0|1.1|11.8
019914|17-18|5.8|2.9|85.4|0|0|0|5.8|0|85.4|0|0|29.1|23.4|0|0|2.9|13.6
020901|17-18|20|40.5|27.4|0.4|9.4|0.1|2.3|8.1|47.1|16.9|1.3|46.4|12.5|16.7|24.4|7.1|9.9
020902|17-18|10.7|47.7|37.1|1.5|0.4|0.1|2.4|8.1|63.3|12.1|1.9|57.9|22.5|17.5|22.7|4.4|9.9
020904|17-18|0.9|18.9|76.6|0.4|0.5|0|2.6|7.5|28.8|3.9|0.6|38.2|9.6|3.9|38.5|7.2|6.6
020905|17-18|7.1|55.9|32.6|0.5|1.5|0.1|2.4|8.3|54|12.8|2.9|55.4|21.7|12.3|31.8|8.6|8
020906|17-18|12.8|23.7|57.8|0.3|0.4|0.1|4.9|8.1|49.8|3.1|0.6|45.3|13.4|3|40.2|4.6|7.7
020907|17-18|9.6|29|57.6|0.4|0.2|0|3.3|8.1|60.9|5.9|1.3|55.1|15|4.7|26.2|4|8.9
020908|17-18|15|33.5|36.5|0.4|11.1|0.1|3.3|8.3|26.8|8.8|0.7|30.5|8.7|9.5|24.6|9|8.9
020910|17-18|2.9|50.2|42.1|0.5|0|0|4.3|4.8|68.9|17.2|1.8|65.1|22.5|16.3|19.6|6.7|16.3
021803|17-18|45.7|46.4|6.3|0.3|0.3|0|1|0|93.9|24.1|0|37.1|26.3|23.4|0|0|6.3
021805|17-18|70.2|23.7|2.3|0.6|0.6|0|2.6|0|92.4|12.7|0|52.2|25.3|12.1|0|0.8|6.4
021901|17-18|12.5|22.1|53.6|0.3|8|0.1|3.3|7.6|33.7|8.6|0.8|28.3|11.6|11.5|24.2|12.5|9
021902|17-18|18.4|57.4|21.9|0.2|0.4|0.1|1.7|8.6|75|24.2|2.9|72.1|20.7|24.4|23.9|12.2|9.5
022004|17-18|0|74.8|23.5|1.7|0|0|0|10.4|75.7|44.3|0|64.3|14.6|44.3|22.6|6.1|9.6
022901|17-18|1.1|61.9|33|0.2|1.9|0.2|1.7|8.3|47.9|8.4|1.3|34.9|12.8|7.6|25.2|6.4|7.5
022902|17-18|0|58.7|41.3|0|0|0|0|3.2|74.6|0|0|19|20.3|0|44.4|7.9|6.3
022903|17-18|0|16.7|66.7|0|0|0|16.7|0|58.3|0|0|16.7|15.8|0|0|8.3|0
023902|17-18|0|45.4|51.7|0|0|0|2.9|7.7|58|3.9|0|17.9|12.8|3.9|30.4|7.2|8.2
024901|17-18|0|98.4|1.3|0.2|0.1|0|0.1|7.7|80.3|2.7|3.6|63.2|10.6|2.3|27.3|3.2|10.3
025901|17-18|1.8|26.1|68.8|0.3|0.2|0.1|2.7|8.8|55.8|1.4|1.8|29.5|17.5|1.3|34.7|4.7|9.5
025902|17-18|4.8|40.5|49.6|0.2|0.8|0|4.1|7.6|65.6|3.1|1.2|43.1|17.6|3.1|32.8|6.7|9.3
025904|17-18|1.1|30.6|67.2|1.1|0|0|0|9.3|61.7|1.1|0|38.8|18.3|1.1|38.3|3.8|14.8
025905|17-18|1.7|24.7|70.9|0.3|0|0.3|2|9.1|69.9|3|0|23|14.2|3|34.5|7.1|9.5
025906|17-18|0.9|10.6|83.9|0|0|0|4.6|10.1|63.1|0|0|24|14.3|0|43.3|6.5|8.8
025908|17-18|1.6|26.6|71.8|0|0|0|0|9.7|59.7|0.8|0|34.7|35.1|0|31.5|1.6|8.1
025909|17-18|1.9|21.7|72.3|0.3|1.3|0|2.6|7.3|51.9|1|1.2|37|12.4|1|28.3|7.2|7.7
026901|17-18|10.1|37.2|48.7|0.8|0.4|0|2.7|7.4|54.5|10.6|2.7|40.3|9.4|10.3|27.8|4.9|7.4
026902|17-18|23.6|31.4|38.6|0|0.6|0|5.8|5.6|79.4|6.6|1.3|39|23.8|6.6|24.8|3.6|10.4
026903|17-18|28.3|27.1|41.4|0|0|0|3.2|8.2|68.5|7.2|5.1|58|15.7|6.6|27.9|7.8|11
027903|17-18|1|31|64.7|0.6|0.6|0|2|8.5|56|7.7|2.1|46|15.4|7.5|27|2.7|12.4
027904|17-18|2|47.1|47.5|0.3|0.9|0.4|1.8|7.2|63.4|16.4|1.9|50.5|14.2|16.3|28.7|6.7|11.7
028902|17-18|3.4|74.6|19.8|0.4|0.4|0.1|1.4|8.2|72.4|22.9|1.7|67.5|15.5|20.8|30|5.1|11.4
028903|17-18|5|68.7|23.7|0.1|0.4|0.1|2|7.8|76.3|13.8|3.9|59|14.5|13.5|25.9|3.3|9
028906|17-18|6|55.8|35.2|0|0|0|3|9|76.4|7|0.4|60.3|15.1|7|25.1|10.1|9
029901|17-18|2.2|63.1|27.8|0.2|5.6|0|0.9|8.2|72.6|11.1|2.1|46.8|14.5|10.9|35.1|7.4|8.5
030901|17-18|0|10.9|87.5|0.8|0.3|0|0.5|11.4|59.2|1.9|0.8|41.3|19.5|1.9|34.5|6.8|10.9
030902|17-18|1.3|14.7|81.9|0|0.1|0|2.2|8.4|47.9|0.5|0.8|47.5|15|0.5|31.4|5.1|11.7
030903|17-18|0.3|17|81.3|0|0|0|1.3|6.6|68.5|0|2.8|45.2|23.7|0|36.1|3|13.4
030906|17-18|0|13.8|81.6|0.2|0.7|0.5|3.1|6.3|50.5|0|0.2|34.3|12.1|0|29.7|4.6|15
031901|17-18|0.1|98.6|1|0|0.2|0|0|8|95.8|32.5|0.9|66.9|14.9|31.9|32.2|12.6|11.2
031903|17-18|0.4|93.3|5.4|0.1|0.4|0.1|0.2|8.2|78.4|13.4|2.4|53.8|20.2|15.5|29.7|6.8|9.8
031905|17-18|0.2|96.2|3|0.1|0.1|0|0.4|9|83.6|15.2|2.3|46.9|14.1|14.3|29.4|5.1|9.5
031906|17-18|0.2|96.3|3|0.1|0.2|0|0.1|7.9|76.6|19.9|1.1|39.7|13.9|18.4|32.8|7.1|9.6
031909|17-18|0.2|91.1|7.9|0.2|0.4|0|0.1|9|86.1|36.8|1.6|83.6|12|34.2|29.3|5.7|8.7
031911|17-18|0.2|94.9|4.8|0.1|0|0|0|8|81.2|11|0.7|57.3|12.7|9.5|36.9|4.7|8.8
031912|17-18|0.1|99.1|0.7|0|0|0|0.1|7.8|83.6|22.5|2.4|58|20.5|19.7|28|2.9|8.6
031913|17-18|0.1|98.5|1|0.1|0|0|0.1|7.6|97.5|35.9|1.2|55.9|21.6|35.5|46.3|22.5|6.6
031914|17-18|0.1|98.6|1.2|0|0|0|0.1|8.5|87.9|16.2|2.6|63.6|18.4|14.2|40.8|3|10.6
031916|17-18|0.9|83.7|5.5|0.1|9.1|0|0.7|24.1|50.2|3.1|1|21.2|8.2|2.5|86.1|16.1|2.4
032902|17-18|17.6|40|38.4|0.2|1.1|0|2.8|7.5|74.8|18.2|2.5|49.7|11|17.9|30.3|3.8|9.2
033901|17-18|0.6|13.9|85.4|0|0|0|0|8.2|26.6|1.3|0.6|29.1|16.4|1.3|29.7|5.1|13.9
033902|17-18|1.1|11.2|85.4|0.7|0.3|0|1.4|7.6|27|0.8|0.3|32.3|10.3|0.8|31.6|5.9|11.9
033904|17-18|0.5|16.9|80.1|0.3|0.8|0|1.4|8.2|46.7|1.1|0.8|20.8|12.6|1.1|27.9|5.2|9
034901|17-18|33.3|8.5|53|0.2|0.8|0.1|4.2|7.1|66.8|2.3|2.4|42|11.7|2.3|27.7|9.1|11.2
034902|17-18|12.7|5.6|70.6|1.6|0.8|0|8.7|5.6|78.6|3.2|0|38.1|25.7|3.2|32.5|3.2|9.5
034903|17-18|11.4|10.9|74|0.2|0.5|0.2|2.9|7.2|60.5|3.7|0.4|52.6|12.5|3.2|29.5|3.1|8.5
034905|17-18|18.2|7.6|68.5|0.1|0.6|0|4.9|7.9|67.1|3.6|0.9|43.5|13.7|3.6|34.2|8.8|10.5
034906|17-18|1.1|1.3|95.2|0.5|0|0|1.9|10.6|50|0|1.8|48.7|8.3|0|32.8|6.9|10.6
034907|17-18|15.9|3.6|76.3|1.4|0.4|0|2.5|9.2|58.3|0.1|1.5|42.6|16.3|0|27.6|8.4|10.6
034909|17-18|1.1|4.7|91.3|1.1|0.7|0|1.1|6.5|66.8|1.8|1.3|52.7|17.7|1.8|36.1|0.7|8.3
035901|17-18|1.8|88|9.4|0.2|0.6|0|0.1|8.2|83.4|20|0.8|55.1|13.1|18|25.7|4.4|7.2
035902|17-18|2.6|90.5|6|0|0|0|0.9|6.9|90.1|11.2|0.4|62.5|19|11.2|25.9|3.9|6
035903|17-18|0.8|9.6|87.6|2|0|0|0|8.4|13.6|0.4|0|17.6|2.3|0.8|37.6|1.6|6.4
036901|17-18|12.4|31.2|50.3|0.7|1.8|0|3.6|8.4|62.8|6.7|2.2|51|13.9|6.7|28|7.1|8.9
036902|17-18|3.1|22.5|70.6|0.3|1.2|0|2.3|7.9|21|2.8|1.2|31.9|10.6|2.8|23.6|6.4|6.9
036903|17-18|7.6|43.5|46|0|0.9|0|2|6.7|62.2|22.1|0.6|48.5|8.9|22|27.4|5.7|9.1
037901|17-18|23.6|33.9|36.7|0|0.4|0|5.4|7.2|67.3|18.5|0.1|55.4|11.7|17.8|28.4|4.8|12.2
037904|17-18|16|50.7|29|0.5|0.6|0.1|3|7.8|76.4|28|0.7|69.5|11|28.4|26.7|5|8.7
037907|17-18|14.3|16.9|64.9|0.1|0.1|0|3.6|7.8|62.9|5.8|2.2|41.6|11.3|5.7|30.8|5.3|11.4
037908|17-18|2.4|84.2|12.1|0.2|0.7|0|0.4|3.7|89.9|41.7|0.4|66.9|4.8|34.6|25.7|0.9|5.9
037909|17-18|6.3|9.8|78.3|0|0|0|5.6|6.3|57.7|3.5|0.3|61.2|22.9|3.5|32.5|4.9|14
038901|17-18|3.8|40.6|51.5|0.6|1.3|0|2.2|7.4|54.5|3.5|1.1|35.3|10.8|3.5|26.1|6.3|10.6
039902|17-18|0.2|9.2|86|1.5|0.5|0|2.6|7|40.6|0.6|0.5|41.8|10.8|0.6|37.5|6.2|10.5
039903|17-18|0.4|11.7|82.5|1.2|0|0|4.3|6.6|52.6|0.8|0|26.8|10.9|0.8|32.8|3.3|10.1
039904|17-18|1.6|4.8|90.4|0|0|0|3.2|7.2|53.6|0|0|31.2|17.1|0|32.8|1.6|6.4
039905|17-18|0|6.6|93.4|0|0|0|0|6.6|57.7|0|0|32.8|16.1|0|40.1|1.5|16.1
040901|17-18|1.8|88.4|9|0|0|0|0.8|6.4|93.3|18.8|2.7|63.8|20.3|18.8|26.7|6.4|9.5
040902|17-18|0.3|56.2|43.2|0.3|0|0|0|8.3|59.9|6.8|0|38.3|7.2|6.2|33.3|2.2|11.1
041901|17-18|0|33.1|66.5|0|0|0|0.4|6.5|49.6|1.6|0|31|17.3|1.6|41.9|7.7|9.7
041902|17-18|1.4|35.3|60.1|1.4|0|0|1.8|6|57.6|1.4|0.9|42|19.9|1.4|28.6|1.8|12
042901|17-18|1.9|26.4|68|0.5|0.7|0|2.5|8|58.7|2.4|1.8|48.2|16|2.4|25.7|3.6|10.3
042903|17-18|3.1|25.6|65.6|1.1|0|0|4.6|6.5|75.2|0|0|45.4|17.7|0|38.2|8.8|6.9
042905|17-18|2.3|20.7|74.1|0|0.6|0|2.3|8|77.6|1.1|0|39.7|26.1|1.1|45.4|0.6|10.9
043801|17-18|14.2|12.8|33.5|0.7|33.6|0.2|5|5.2|8.1|8.1|0|8.9|16.3|7.4|0|0|4.9
043802|17-18|22.5|13.5|18.9|0|44.1|0|0.9|0|3.6|15.3|0|16.2|0|15.3|0|0|6.3
043901|17-18|12.4|13.4|49.1|0.6|19.5|0.3|4.8|8.5|15.6|6.3|0.5|22.4|7.2|6.3|29.5|13.8|10.3
043902|17-18|10.6|32.1|51.3|0.6|0.7|0|4.7|6.9|43.1|11.6|1.3|38.7|13.2|11.6|33.2|4.5|10.9
043903|17-18|3.1|24.5|66.4|1.2|0.7|0.1|4|8.3|22.1|6.1|0.7|34.5|6.5|6.1|27.9|6.2|8.4
043904|17-18|2.8|35.8|57.5|0.6|0.9|0|2.4|7.8|52.5|11.2|1.2|17.9|13.2|11.2|34.2|5|11.3
043905|17-18|10.8|13.6|44.4|0.5|26.7|0.1|3.9|8|10.9|5.8|0.3|18.7|7.7|5.6|19.9|12.3|9.2
043907|17-18|13.9|28.7|49|0.6|4.5|0.3|3.1|8.5|30.7|10.6|0.2|30.4|11.7|11.1|25.9|8.6|10.9
043908|17-18|8.6|18.6|66.4|0.9|1.6|0.1|3.9|7.5|14.3|3.4|0.7|13|9.4|3.3|26.9|7.8|9.8
043910|17-18|12.6|24.5|34.8|0.3|24|0.1|3.8|7.9|27.1|14.5|0.5|25.9|10.7|14.1|21.1|19.1|11
043911|17-18|8|46.6|40.3|0.5|1|0.1|3.4|7.4|57.6|17.5|0.7|43.8|14.1|12.3|23.9|4.3|10.7
043912|17-18|8|12.7|64|0.4|8.5|0.1|6.4|7.4|5.9|3.7|0.4|22.3|9|3.6|29|10.2|7.4
043914|17-18|14.3|22|49.4|0.5|10|0.2|3.6|7.7|25.1|10.9|1|29.6|10.8|10.6|22.8|11.1|10.1
043917|17-18|0.1|25.7|70.3|0.5|0|0|3.4|8.1|51.9|8.8|0.2|46.8|10.2|8.8|26.5|6.4|10.8
043918|17-18|5.4|35.8|53.3|0.6|1.5|0.1|3.2|8.5|45.7|18.9|0.6|42.1|10.9|18.6|27|8.2|9.2
043919|17-18|2.7|7.8|77|0.8|7.3|0|4.4|8.9|2.5|1.3|0.2|9.2|3.9|1.1|33.1|20.4|7.6
044902|17-18|2.4|48.1|48.1|0|0|0|1.4|7.3|61.1|9|0|40.1|8.2|9|23|3.1|8.7
045902|17-18|11.8|45|40.2|0.1|0.9|0.2|1.8|9.4|62.8|12.9|1.4|53.3|16.6|12.8|27.7|2.9|12.7
045903|17-18|18.5|56.4|22.7|0.1|0.7|0.1|1.4|9.2|76.2|8.8|1.9|51.1|25.3|8.8|25.1|3.9|10
045905|17-18|10.4|44.4|42.2|0|0|0|3|8.3|49.2|19.2|0.1|38.3|9.7|19.1|30|4.5|9.9
046802|17-18|16.1|49.1|32.2|0.2|0|0|2.4|19.5|100|26|0|100|92.2|26|7.8|0|30
046901|17-18|2|47.6|47.2|0.3|0.9|0|2|7.8|35.8|8.4|1.1|37.3|13.4|8.1|23.3|7.5|8.2
046902|17-18|2.1|39.2|53.4|0.3|1.5|0.2|3.3|7.9|29.2|5.7|1.4|35.1|14.2|7.1|27.9|11.7|10.5
047901|17-18|0.2|49.9|47.7|0.5|0.2|0|1.4|7.6|65|13.8|1.2|50.8|11.4|13.8|25.9|5|10.4
047902|17-18|0.4|34.3|63.3|0.1|0.4|0|1.4|7.2|57.4|5.4|0|39.3|12.9|5.4|32.7|4.8|9.1
047903|17-18|0|70.2|29.1|0|0|0|0.7|5|81.6|34.8|1.1|59.6|13.2|34|44|0|14.2
047905|17-18|0|24.2|75|0.8|0|0|0|7|64.1|0|0|46.1|9.2|0|39.1|10.2|15.6
048901|17-18|0|66.2|32.9|0|0.9|0|0|9.5|67.1|4.5|0.4|54.5|11.8|4.5|30.6|2.3|13.1
048903|17-18|0|51.6|46.1|0|0.8|0|1.6|8.2|64.8|3.1|2.5|39.8|25.3|3.1|42.2|4.3|11.7
049901|17-18|6.5|58.3|29.6|0.4|0.6|0|4.5|8.5|78.3|22.7|3|58.1|14.8|22.2|28.4|4.9|7.9
049902|17-18|0.2|3.8|92.7|0.4|0.8|0.2|1.8|8.5|14.2|0.8|0|20.6|6.6|0.8|40.1|3.6|12.8
049903|17-18|0.2|27.5|70.3|0.4|0.1|0.1|1.4|8.2|54.6|11|0.4|38|13.1|11|33.4|5.3|11.8
049905|17-18|0.9|13.5|81.6|1.5|0.1|0|2.4|6.6|40.6|2.2|0.7|21.1|12.9|2|27.9|5|8.8
049906|17-18|0.2|12.8|81.9|1.3|0.8|0|2.9|7.6|31.7|1.5|1|34.9|10.8|1.5|30.7|5.7|8.6
049907|17-18|0.4|2.2|93.7|1.2|1.6|0|0.8|8.9|10.1|0|0.4|18.2|4|0.2|40.6|5.9|5.3
049908|17-18|0|30.3|64.5|0|0|0|5.3|0|69.7|0|0|51.3|12.5|0|0|0|1.3
049909|17-18|2.9|7.2|79.7|7.2|0|0|2.9|0|84.1|0|0|10.1|25|0|0|0|13
050901|17-18|0|26.3|72.8|0|0|0|0.8|9.5|66.7|7|0.4|54.7|19.3|7|36.6|2.5|10.7
050902|17-18|2.9|21.6|69.7|0.5|0.7|0|4.5|8.1|50.1|3.9|2.1|43.9|11.8|3.8|35|8.1|11.2
050904|17-18|0|26.4|71.3|0|0|0|2.2|6.2|68|6.2|0.6|49.4|14.2|6.2|44.9|1.1|8.4
050909|17-18|0.3|11.5|86.9|0.3|0|0|0.9|6.5|50.2|0.6|0|28|18.7|0.6|32.1|1.2|10.9
050910|17-18|17.3|26.7|41.8|0.5|1.5|2|10.2|7.2|53.7|4.6|1.6|41.3|20.1|4.3|29.6|6.4|10.3
051901|17-18|10.9|44.1|41.7|0.9|0|0|2.4|10.9|67.3|1.9|0|56.9|16.3|1.9|41.7|6.2|16.1
052901|17-18|1.6|78.9|18.4|0.3|0.5|0|0.3|6.2|53.1|19.2|0.5|42.7|10.5|18.6|30.9|6.1|7.6
053001|17-18|0.4|77.4|21.3|0.9|0|0|0|6.6|51.3|13.9|0.2|57.9|8.9|13.9|24.9|6.9|8.3
054901|17-18|3.6|71.2|24.9|0|0|0|0.3|9|82.2|0.8|0.7|53.7|11.2|0.8|28.8|6|10.4
054902|17-18|3.9|79.9|16.2|0|0|0|0|9.7|79.9|9.7|0|57.5|24.9|9.7|42.9|3.5|14.7
054903|17-18|1|75.6|22.5|0.2|0.4|0|0.4|5.9|81|1.3|0.3|61|18.6|1.3|23.4|2.5|12.2
055901|17-18|0|90|6.4|0.5|1.3|0.3|1.5|8.2|75.9|7.2|1.9|55.1|19.5|6.7|33.6|5.4|5.6
056901|17-18|1.3|58.6|38.2|0.3|0.5|0|1.1|7.8|60.2|14.8|1.1|43.5|16|14.8|25.9|1.8|8.2
056902|17-18|0.6|48.9|49.4|0.6|0|0|0.6|7.9|61.8|18|0|24.7|13.3|18|32.6|4.5|8.4
057802|17-18|34.3|59.4|2.6|0.2|0.6|0|2.9|6.3|87.6|26.6|0|81.6|18.1|25.7|0|0|9.3
057803|17-18|19.2|68.2|3.8|0.2|6.8|0|1.8|7.6|77.5|31.7|0|54.8|5.5|32.4|25|0|7
057804|17-18|28.8|50.3|13.6|2|0.5|0.1|4.7|22.1|85.1|16.7|0|95.4|78.5|16.5|15.3|0|7.4
057805|17-18|6.1|62.9|23.6|1.9|1|0|4.5|0|59.7|38|0|54.3|7.5|36.7|0|0|11.5
057806|17-18|24.5|57.9|14.1|0.4|1.1|0.2|1.7|3|75.8|23.5|0|71.2|17|22.5|17.9|2.9|4.4
057807|17-18|45.6|37|13.6|0.2|0.4|0.1|3.1|6.4|60.8|9|0|49.9|7.4|8.8|25.2|4.2|8.6
057808|17-18|16|25.7|1.5|0.6|54.9|0|1.3|2.5|31.6|27.7|0|30|12.6|27.4|3.7|8.7|2.1
057809|17-18|47.8|48.9|1.1|0|0|0|2.2|0|79.1|37.9|0|69.2|8|33.5|0|0|1.1
057810|17-18|74.8|24.5|0.5|0|0|0|0.2|0|97.5|15|0|76.6|17.4|15.5|0|0|9.5
057813|17-18|5.5|92|0.7|0.2|1.3|0|0.3|0|79.1|60.9|0|76.5|7.8|60.1|0|0|7.6
057814|17-18|44.7|49.5|5.4|0.2|0|0|0.2|49.5|100|21.3|0|100|98.1|20.5|10|0|24.2
057816|17-18|95.3|4|0.3|0|0.1|0|0.2|0|88.7|1.1|0|20.7|11.4|1.1|0|0|4.2
057819|17-18|21.4|68.9|6.6|0|0|0|3.1|2|97.4|56.6|0|58.7|14.3|56.6|8.2|0|8.2
057827|17-18|36.6|60|2.2|0|0.2|0|0.9|0|82.1|31.3|0|65|9.7|30.9|35|0|5.5
057828|17-18|23.7|43.2|28.3|0.5|1.4|0.4|2.5|19.8|58.5|11.2|0|96.9|78.1|9.1|94.7|0|10
057829|17-18|3.6|90.5|4.5|0.2|0.1|0|1.1|7.6|83.3|47.9|0|57.1|6.3|47.4|28.5|2.7|8.2
057830|17-18|7.9|89.8|1.3|0.2|0.2|0.1|0.6|7.3|94.7|41.3|0|57.9|6.5|39.8|32.1|0.4|8
057831|17-18|94|4.8|0.4|0.4|0.1|0|0.3|6.8|100|0.3|0|37.7|19.9|0|29.9|1.3|5.2
057833|17-18|19.7|23.8|49|0|5|0.2|2.4|0|43.3|6.4|0|25.8|25|6.3|0|3.7|8.5
057834|17-18|45.9|40|10.9|0.6|0.6|0.2|1.7|22.7|70|6.3|0|84.8|80.5|6.3|76.3|0|11
057835|17-18|6.6|92.1|0.8|0.2|0.2|0|0.1|0|97.4|59.8|0|61.8|5.9|59.5|4.2|0|5.2
057836|17-18|96.1|2.4|0.3|0|0|0|1.2|0|68.3|0|0|41.3|4.2|0|0|6.6|6.3
057837|17-18|60.9|34.1|3.3|0.6|0|0.1|0.9|0|84.1|23|0|27.9|14.3|22.9|0|0|6.2
057839|17-18|0.3|98|1.3|0.2|0.2|0|0.1|0|88.3|61.6|0.1|72.9|3.1|60.6|0|0.2|8.7
057840|17-18|22|29.4|19.8|0.3|27|0.3|1|0|21.3|0|0|5.5|16.8|0|72.5|0|0.3
057841|17-18|10.9|86.9|1.6|0.1|0.1|0|0.3|0|89.5|53.2|0|76.8|10|45.7|0|0|5.5
057844|17-18|25.5|6.4|29|0.9|35.4|0|2.7|2.7|48.9|31.9|0|52.1|22.8|28.5|2.1|0|7.6
057845|17-18|12|39.1|42.7|0.5|3.3|0.3|2.2|6.2|19.9|3.5|0|17.1|13.7|3.4|12.9|0|4.3
057846|17-18|21.1|65.9|8.8|0.2|1.7|0|2.3|6.6|63.2|35.2|0|63.2|19|34.2|28.1|4.7|7.5
057847|17-18|33.9|31.1|27.7|0.1|2|0|5.2|6.8|40.3|1.8|0|2.6|8.2|1.7|24|0|4.7
057848|17-18|28|50.4|13.2|0.3|4.8|0.1|3.2|4.6|61.3|26.3|0|49.5|20.4|26.4|11.2|5.1|4.8
057849|17-18|80.5|16.7|1.3|0|0|0|1.6|0|91.8|7.2|0|71.4|28.7|6.9|0|3.5|7.5
057850|17-18|11.1|54|28|1|1|0.3|4.5|10.7|60.9|20.4|0|55.7|52.1|20.1|10.7|18.7|6.6
057903|17-18|16.4|56|12.9|0.3|11.5|0.1|2.8|8.2|64.1|29.3|1.3|53.3|15.8|30.5|22|7.6|11.1
057904|17-18|66.5|23.9|4.7|0.2|1.3|0.2|3.2|9.5|63.3|7|2.6|45.2|16.3|7.3|27.4|4.9|8.6
057905|17-18|22.5|69.6|5.4|0.3|1.4|0.1|0.7|7.6|86.7|44.2|1.1|63.2|19.9|42|23.4|13.9|8.2
057906|17-18|76.1|18.9|2.5|0.2|0.3|0|2|10|72.8|6.8|2.4|57.1|23.7|6.5|30.2|7.6|9.4
057907|17-18|40.5|52.4|3.6|0.4|1.3|0|1.9|8.9|75.6|18.8|3.7|66.5|19.3|17.2|43.3|5.4|8.3
057909|17-18|17.4|50.8|18.7|1.6|9|0.1|2.4|8.2|60.6|28.6|0.9|48.8|14.2|27.8|28.3|7.6|8.3
057910|17-18|18|64.8|11.6|0.4|3.2|0.1|1.8|8.6|71.6|29.9|1.8|54.4|16.5|31.1|28.6|6.2|8.2
057911|17-18|0.8|5.2|84.4|0.4|6.7|0.1|2.4|8.2|0|0.9|0.3|11.2|3|0.8|14.6|13|9
057912|17-18|12.6|72.3|8.7|1.7|3.4|0.2|1|8.7|75.5|39.2|1.6|71.6|14.9|41.3|29.8|12.6|7.7
057913|17-18|76.4|19.4|1.9|0.4|0.2|0.1|1.7|8.8|87|7.7|2.8|54.4|20.4|7.5|33.9|8.4|8.1
057914|17-18|25|56.6|14|0.9|1.5|0.1|1.9|7.9|74.9|24.5|1.7|56.9|15.3|23.9|28.8|5|10
057916|17-18|21.5|38|30.2|0.3|7.3|0.1|2.6|8|55|25.6|0.8|49.5|18.3|25.5|26.2|9.9|10.8
057919|17-18|10|11.3|52.6|0|22.9|0|3.3|8.1|14.7|4.2|0.4|23.6|2.9|4.1|28.3|10.2|8.6
057922|17-18|4.4|13.3|31.3|0.4|47.3|0.1|3.1|8.3|8.5|11.8|0.4|23.2|7.4|13.6|22.7|16.5|6
058902|17-18|0|54.3|41.9|0|0|0|3.9|4.7|69|6.2|0.5|48.8|16|6.2|38|7.8|9.3
058905|17-18|1.2|31.7|65.9|0.4|0.4|0|0.4|5.3|35.4|4.9|0|15.4|8.8|4.9|30.9|11|3.7
058906|17-18|3.3|84.1|11.4|0.1|0.6|0|0.4|6.8|75.1|5.7|3.1|64.3|17.6|5.1|32.8|6.4|9.1
058909|17-18|0.8|41|55.7|1.2|0.8|0|0.4|8.2|50|10.2|0|41|11.2|10.2|31.6|7.4|8.6
059901|17-18|0.6|88.1|10.4|0.2|0.3|0|0.3|8.4|79.7|17.3|2.8|64.3|18|16.4|30.5|2.9|8.1
059902|17-18|0|80.8|17.6|0|0|0|1.6|0|62.4|11.2|0|39.2|2.8|8|0|3.2|13.6
060902|17-18|9.1|11.4|73.4|1.1|0.5|0|4.4|8.3|60.9|2.3|1.7|26.3|16.4|2.3|33.3|10.8|9.5
060914|17-18|28.7|6.3|54.6|0.6|2.9|0|6.9|8|87.9|2.3|0.5|45.4|32.8|2.3|33.9|2.9|16.1
061802|17-18|22.6|41.5|31.8|0.6|0.2|0.2|3.1|0|80.9|25|0|63.3|23.6|25|0|0|11.8
061804|17-18|10.8|15.4|35.9|0.6|32.8|0.2|4.2|8.7|3.3|5.6|0|19.8|7|5.3|19.7|8.6|6.6
061805|17-18|4|14.9|59.6|0.2|16.3|0.8|4.2|0|4.6|3.4|0|23.6|20.4|3.1|0|13.2|8
061901|17-18|15.3|30.8|48.3|0.7|3.2|0.2|1.5|8|43.4|14.4|1.2|31.7|15.1|14.3|29.8|10.7|10.7
061902|17-18|10.7|29.6|41.3|0.4|14.3|0.1|3.7|8.3|32.2|16.5|1.2|36.9|10.8|17.9|18.6|11.1|11
061903|17-18|2.6|45.5|49.1|0.8|0.3|0.1|1.6|8.6|49.6|23.8|1.3|50.5|10.8|23.8|30.2|6.6|8.7
061905|17-18|2.6|27.6|65.6|0.9|0.4|0|2.9|9.3|34.7|9.3|1.1|47.6|9.4|12.3|34.4|5|11.6
061906|17-18|1.8|26.4|68.5|0.6|0.5|0|2.1|7|36.9|9.4|0.6|29.2|13.1|9.4|29|8.4|7.5
061907|17-18|7.3|17.4|71.1|0.7|0.6|0.1|2.8|7.3|25|3.7|0.5|31.7|11|3.7|29.1|6.3|8.7
061908|17-18|3.3|25.4|65.7|0.7|0.9|0.1|3.8|7.9|42.4|7.8|1.9|34|12.1|7.7|28.8|4.6|10.9
061910|17-18|1.3|11.2|81.6|0.4|2.8|0|2.7|8.1|7.7|2.6|0.6|21.9|8.2|2.6|18.5|10.1|9
061911|17-18|8.3|21.3|63.4|0.5|4|0.3|2.2|7.8|18.9|5.2|0.9|31.5|11|5.2|20.6|9.8|9.2
061912|17-18|8.4|29.8|53.2|0.8|2.3|0.1|5.3|8|45.2|9.2|1.4|37.5|9.4|9|29.2|8.1|11.8
061914|17-18|15.6|38.8|37.6|0.3|3.4|0.3|3.9|7.9|41.9|18.6|1.3|49.7|11.4|21.1|28|5.7|7.5
062901|17-18|12.4|47.1|37.9|0.2|0.4|0|2|8.9|72.1|3.8|2.1|49.1|13.1|3.8|40.1|4.4|11.1
062902|17-18|3.2|38.9|58|0|0|0|0|7|68.8|0|2.3|51|8.5|0|31.8|3.8|8.3
062903|17-18|7.9|64.6|26.2|0|0.3|0|1|8.8|79.3|16.3|2.2|49.9|12.9|16.3|24.7|3.3|15
062904|17-18|2.3|51.8|44.5|0|0|0|1.5|7.7|63.8|1.5|1.9|45.4|16.2|1.1|40|4.9|11.4
062905|17-18|1.3|46.2|50|0|0|0|2.6|0|70.5|7.7|0|12.8|16.7|3.8|0|7.7|5.1
062906|17-18|2.5|17.5|80|0|0|0|0|0|46.7|0|0|16.7|19.2|0|6.7|6.7|5
063903|17-18|3.9|43.6|49.8|0|0.4|0|2.3|7.3|59.5|1.2|0|39.4|11.9|1.2|35.5|8.9|11.6
063906|17-18|1|43.8|55.2|0|0|0|0|10.4|81.3|0|0|20.8|16.3|0|40.6|13.5|13.5
064903|17-18|0.5|93.8|5|0|0.3|0|0.4|8.3|77|5.5|2|61.1|12.1|4.4|31.9|6.9|6.9
065901|17-18|9.1|12.6|74.5|0|0|0.4|3.4|6.6|52.3|0|0|39.4|14.3|0|29.6|8.5|9.1
065902|17-18|1.9|25.2|69.9|1|1|0|1|10.7|69.9|1.9|0|22.3|33.8|1.9|55.3|1|7.8
066005|17-18|0|100|0|0|0|0|0|0|100|63.6|0|66.7|30.8|63.6|0|0|12.1
066901|17-18|0|99.1|0.9|0|0|0|0|8.8|79.6|4.4|2.3|51.9|8|3.8|33.6|5.6|11.8
066902|17-18|0|97.7|2.2|0.1|0.1|0|0|7.7|73.5|1.8|1.9|62.3|13.6|1.4|21.9|7|8.4
066903|17-18|0.1|91.4|7.6|0.1|0.4|0|0.4|7.4|71.1|4.6|0.2|61.8|8|4.5|26.5|6.6|15
067902|17-18|1.6|17.5|76.3|0.7|1.2|0|2.7|7.8|56.1|1.3|1.2|37.2|16.3|1.3|27.8|4|10.8
067903|17-18|1.4|26.6|69.8|0.3|0.8|0|1.3|8.7|61.4|6.2|0.6|51.1|15|5.4|30.5|5.3|10.3
067904|17-18|1|35.7|61|0|0|0|2.3|5.2|68.2|5.6|1.1|42|16.3|5.2|30.5|3.9|14.4
067907|17-18|2.7|21.5|73.2|0.9|0.6|0|1.2|7.4|73.7|2.1|1.3|43.7|23.6|1.8|28|6.8|14.5
067908|17-18|0|17.5|79.2|0|0.6|0|2.6|9.7|66.9|5.2|1.2|29.9|15.1|5.2|37.7|1.3|5.2
068802|17-18|2|39|57.6|0.4|0.2|0|0.8|0|17.6|0.3|0|5.1|3.6|0.3|0|1.4|6.4
068803|17-18|2.3|38.2|55.7|0.8|0.9|0.2|2|8.9|11.6|2|0|24.3|20.2|2|38.7|9.9|4.7
068901|17-18|3.9|75.5|18.2|0.3|0.9|0.3|1|8.7|51|17.1|1.6|57.4|16.7|17.1|21.4|9.9|8.4
069901|17-18|0|77.2|22.8|0|0|0|0|7.7|74.3|5.8|2|44.4|7.3|5.8|26.7|3.5|10.9
069902|17-18|0|45.3|52.2|0.4|0|0|2.2|4.7|73.4|1.5|0.3|10.2|19.4|1.5|28.8|1.8|9.1
070801|17-18|28.6|66.9|3.7|0.2|0|0|0.6|7.4|98.2|51.3|0|85.7|13.4|55.5|16.9|3.2|5.2
070901|17-18|2.5|32.8|64.2|0|0|0.3|0.3|6.5|54.9|3.8|0|16.5|5.6|3.8|27.6|3.3|13.8
070903|17-18|12.6|56.5|28.6|0.1|0.4|0.5|1.3|8.2|70.7|12.7|1.7|44|11.2|12.6|29.4|7.8|10.3
070905|17-18|6.8|68.7|22.2|0.4|0.4|0.1|1.3|6.9|82.2|26.4|2.9|61.4|10.2|25|31.9|3.6|10
070907|17-18|15.1|29.9|50.8|0.3|0.3|0|3.5|5.3|59.2|7.6|2.5|41.7|14.9|7.6|30.1|3.3|13.7
070908|17-18|6.1|21.7|66.5|0.3|1.2|0|4.1|8.3|22.2|3.7|0.6|35.5|9.4|3.6|21.6|6.5|9.9
070909|17-18|20.9|31.1|39.2|0|0|0|8.8|8.8|71.8|12.1|0|58.2|11.6|11.7|17.9|2.6|14.7
070910|17-18|1.7|41.5|54.3|0.2|0.3|0|1.9|7.7|50.7|8.7|2.3|40.7|12.9|8.7|25.3|3.2|14.4
070911|17-18|22.4|35.9|38|0.6|0.8|0.1|2.3|8.4|44.4|10.3|3.1|42.6|12|9.2|37.4|8|11.2
070912|17-18|11.8|34.4|49.6|0.6|0.6|0.2|2.7|8.2|45.3|8.6|2.3|46.2|13.5|9.4|34.4|4.1|11.8
070915|17-18|1.6|20|76|0.2|0.4|0.1|1.8|9.5|42.2|5.9|0.8|39|10.2|5.9|31.7|2.2|8.7
071801|17-18|2.4|86.7|8.8|0|1|0.1|1|4.9|33.6|29.8|0|58.3|8.2|24.7|0|0|5.3
071803|17-18|0.9|98.6|0.5|0|0|0|0|16.6|93.1|23|0|90.3|66|22.1|31.3|0|6.5
071804|17-18|0.9|94.5|3.8|0.2|0.2|0|0.4|11.9|60.5|6.6|0|92.5|71.2|6.2|32.2|0|8.8
071806|17-18|4|70.4|23.6|0.1|0.8|0.1|1|5.3|67|18.6|0|41.2|12.5|17|20.6|8.1|9.2
071807|17-18|0|98.8|1.2|0|0|0|0|0|96.8|76.3|0|77.1|17.7|87.1|0|0|2.4
071809|17-18|3.3|87.5|7.4|0|0.6|0|1.2|0|24.1|26.8|0|31.3|9.2|20.5|0|0|4.2
071810|17-18|1.6|95.8|1.6|0.5|0|0|0.5|0|88|22.4|0|46.4|18|21.4|31.3|3.1|9.9
071901|17-18|0.4|95|3.5|0.3|0.1|0|0.6|8.1|84.3|33.8|0.9|58.8|12|30.3|28|4|7.8
071902|17-18|3.5|83.6|9.5|0.2|1.2|0.4|1.6|8.6|69.9|28.1|1.6|56.3|17.2|32|27.5|12.5|10.7
071903|17-18|0|99.4|0.6|0|0|0|0|9.5|96.2|43.7|2|70.9|11.6|35|24.2|6.6|11.2
071904|17-18|0.1|99.5|0.3|0|0|0|0|7.3|93.9|50.2|2.5|70.5|13.4|43.9|29.5|5.1|10.1
071905|17-18|1.3|94.1|3.5|0.2|0.3|0.1|0.4|8.3|78|24.9|1.1|51|14.2|24|31.4|7.4|12.1
071906|17-18|0.6|96.5|2.5|0|0|0|0.4|8.6|99.9|24|1.3|47.5|11.3|19|29.5|6.6|9.7
071907|17-18|0.8|94|4.1|0.1|0.5|0|0.4|7.5|66.2|29.4|1.3|57.4|12.3|32.8|27.9|9.7|9.3
071908|17-18|0|99.5|0.4|0.1|0|0|0|9.4|94.6|53.8|2.2|74.2|9.6|35.1|29|4.4|6.3
071909|17-18|2.3|92.4|3.7|0.2|0.6|0.2|0.7|8.7|71.4|21.5|1.1|46|13.9|22.7|37|5.1|9.4
072801|17-18|10.2|45.9|39.4|0.5|1.1|0.1|2.8|29.6|58|15.5|0|89.4|58.3|15.5|14.6|0|11.3
072802|17-18|1.7|50.4|44.3|2.6|0|0|0.9|21.7|80|7.8|0|88.7|87.2|7.8|55.7|0|13
072901|17-18|0|59.2|38.7|0|0|0|2.1|5.6|81|21.1|0|23.9|15.8|21.1|14.1|0|2.8
072902|17-18|0.7|60.9|36.1|0.2|0.4|0|1.7|7.3|74|19.5|0.6|53.4|11.9|19.2|25.7|9.4|7.1
072903|17-18|1.1|33.3|61.8|0.4|1.2|0|2.2|8.3|47.4|10.1|1.4|38.3|11.5|9.5|26.6|6|7.8
072904|17-18|0|10.6|85.2|1.6|1.1|0|1.6|7.4|30.7|0.5|0|21.2|22.3|0.5|18.5|9|5.8
072908|17-18|0|19.1|77.9|1.3|0.4|0|1.3|6.8|23.8|0.9|0|33.6|7.6|0.9|26|2.1|3.4
072909|17-18|0.4|47.8|51.5|0|0|0|0.4|7.3|48.5|19|0|42.7|10.5|19|24.8|4.7|6.9
072910|17-18|0|14.5|83.9|0|0|0|1.6|0|38.7|0.8|0|7.3|16|0.8|0|11.3|7.3
073901|17-18|16.4|60|21.2|0.2|0.2|0.2|1.8|6.9|86.5|17.4|0.9|64.6|11.8|17.4|34.1|6.9|12.7
073903|17-18|59.3|31.6|6.2|0.2|0.7|0|1.9|7.5|100|15.3|0.5|80.8|18.2|15.3|17.4|6.9|10.3
073904|17-18|0.6|12.8|84.6|0|0|0|1.9|0|22.4|0.6|0|33.3|9.6|0.6|0|3.2|9.6
073905|17-18|12.6|35.2|48.1|0|0.2|0|3.9|8.8|69.7|3.8|1.1|38.8|17|3.1|31.8|6.6|15.3
074903|17-18|7.9|26.5|58.9|1.1|0.4|0|5.2|6.9|69.5|12.1|0.8|41.4|14.5|12.1|24.3|4.1|13
074904|17-18|0|8.8|87.4|0.3|0.5|0|2.9|5.9|41.8|3.2|0.2|28.2|8.7|3.2|31.4|2.4|7.8
074905|17-18|1.8|7.9|87.3|0|1.3|0|1.8|7.9|51.8|0.4|0|39.5|18.1|0.4|38.6|1.8|15.8
074907|17-18|8.5|20.3|64.4|0.8|0|0|6|8.2|64.7|7.1|0.8|39|13.5|7.1|32.9|8.4|12.4
074909|17-18|2.7|19.5|72.3|1.7|0.1|0.2|3.5|8.3|57.3|5.1|0.4|40|14.8|4.9|35.8|7.3|9.9
074911|17-18|0.6|7.3|83.9|1.9|0.6|0|5.7|5.4|47.6|0|0|28.4|13.1|0|27.4|9.8|9.5
074912|17-18|2.1|19.4|75.5|0.7|0.4|0|1.9|8.6|41.9|4|0.3|18.7|17.4|4|32.2|8.3|10.4
074917|17-18|0.9|9.4|85.8|0.6|0|0.2|3.1|5|44.8|3.9|0|18.6|10.6|3.9|29.5|3.1|10.3
075901|17-18|3.5|52.7|41.7|0|0.5|0|1.6|6.6|59.4|6.9|1.8|34.8|11.4|6.9|27.3|10.6|9.6
075902|17-18|9.8|37.3|49.2|0.1|0.5|0|3.1|9.1|56.8|12.8|1.3|45.7|8.4|12.6|18.9|8.1|8.8
075903|17-18|14.3|40.1|41.3|0.4|1.1|0|2.8|6.9|59.5|8.8|1.1|43.4|11.8|8.6|31.9|7.7|12
075906|17-18|1.9|16.7|79.8|0|0.4|0|1.2|7.8|28.4|5.8|0|30|7.9|5.4|37.7|8.2|7
075908|17-18|4.1|22.6|69.9|0.8|0|0|2.6|8.3|42.5|8.6|1|31.2|5.1|8.6|41.4|1.9|8.3
076903|17-18|1.3|27.8|69.9|0|0|0|1|7.9|48|2.6|0|34.8|15.3|2.6|46|4.3|7
076904|17-18|5.8|53.9|37.2|0.4|0|0|2.7|3.5|57|3.5|1.1|34.1|18.8|3.5|31.4|3.9|8.9
077901|17-18|3.6|79.3|16.6|0|0|0|0.5|7.8|75.6|9.1|4|62.5|27.2|8.6|18.4|4.5|9
077902|17-18|1.3|78.6|19.6|0|0|0|0.4|8.1|78.9|5.2|0.6|55.1|11.8|5.2|28.1|2.4|9.2
078901|17-18|1.4|40.2|53.7|0|1.4|0|3.3|7.9|74.8|0.9|1.6|40.2|17.3|0.9|37.9|3.3|16.8
079901|17-18|19.4|43.4|27.3|0.3|6.8|0.1|2.6|8|41.3|13|1|44.7|14.4|12.8|26.6|8.2|8.8
079906|17-18|3.6|46.2|48.7|0.2|0.3|0|1.1|8.6|38.2|8.9|0.5|44.4|6.6|8.8|33.4|2.4|10.1
079907|17-18|27.3|26.3|16.7|0.4|26.1|0.1|3|8.8|37.3|15.8|1|42.9|11.8|15|24|7.3|7.7
079910|17-18|42|45.6|3.6|0.3|6.7|0.1|1.8|8.3|70.9|17.5|1.3|58|11.8|16.8|28.7|4.5|8
080901|17-18|5.4|25.6|63.8|0.3|1|0|3.9|7|54.6|10.2|1|45.8|13.8|12.8|28.4|5.7|9.9
081902|17-18|14.9|24.1|57.2|0.4|0.7|0.1|2.6|7.9|51.4|6.2|0.5|38.9|13.2|6.1|26.5|3.6|6.4
081904|17-18|13.5|28.7|53.9|0.2|0.5|0|3.2|8.5|58.2|6.7|3.3|42.8|12.3|6.6|37|8.8|10.5
081905|17-18|13.7|17.5|66.9|0.4|0.4|0.2|1|6.9|56.7|2.5|1.3|46.9|10.5|2.5|35.1|6.9|7.3
081906|17-18|8.4|8.4|78.7|0|0|0|4.5|0|49|3.2|0|23.2|15|3.2|7.7|1.9|8.4
082902|17-18|0.3|89|9.8|0.1|0.7|0|0.1|8.1|73.7|3.2|2|53.7|14.1|3.1|23.4|7.8|11.8
082903|17-18|0.3|94.8|4.5|0|0.2|0|0.1|7.9|76.9|6|2.1|66.5|14.2|5.5|36.9|5.4|10
083901|17-18|7.2|81.3|11.1|0|0|0|0.4|6.9|70.1|24.5|0.3|70.7|11.3|23.6|34.5|6.3|6.9
083902|17-18|0|43.9|56.1|0|0|0|0|4.5|58.1|6.5|0.7|34.8|11.4|6.5|34.8|0|5.2
083903|17-18|0.8|49.3|48.3|0.3|0.5|0.1|0.7|8.2|53|13.8|1.8|43.8|13.8|13.8|33|4.6|7.9
084802|17-18|9.3|58.3|27.7|0.6|1.5|0.1|2.5|2.8|72.9|22|0|57.4|9.9|20.3|16.9|4.8|9
084804|17-18|51.2|29.5|14.2|0|2.4|0|2.7|0|84.7|0|0|15.9|24.3|0|0|10.8|3.4
084901|17-18|16|50.8|28.4|0.3|2|0.1|2.4|9|63.7|13.6|1.9|58.9|18.3|12.6|20.7|5|10.5
084902|17-18|24.1|45|26.2|0.5|2.1|0.1|1.9|7.9|70.6|16.7|3|45.6|18|16.7|32.8|5.5|7.7
084903|17-18|0.7|9.9|82.4|1.4|1.4|0|4.2|13.4|93.7|0|0.6|91.5|20.4|0|27.5|2.1|9.2
084906|17-18|32.8|37.8|25.6|1.2|0.4|0.1|2.1|8.5|74.2|8.5|3.8|59.5|22.1|7.9|28.5|3.1|9.7
084908|17-18|44.4|30.5|22.5|0|0.3|0.1|2.2|6.4|82|5.9|2.8|44.2|18.1|5.3|13|5|11.7
084909|17-18|0.8|19.9|76.6|0.7|0.5|0.1|1.5|8.7|38|3.2|1.9|52.7|10.8|3.1|24.4|5.1|10.3
084910|17-18|8.3|30.9|46.1|0.2|9.7|0.2|4.5|8.5|29.2|11.2|1.1|45.5|12.2|11.3|30.7|10.6|9.9
084911|17-18|1.8|17.6|70.2|0.4|6.8|0.2|3.2|9|10.4|2.2|0.4|25.1|4.1|2|36.6|9.3|10.2
085902|17-18|5.9|61.8|28.2|1.2|0.5|0|2.5|9.4|72.4|7|0.3|52.6|24.2|7|32.7|3.1|10.2
085903|17-18|0.8|53|44.7|0|0|0|1.5|9.8|97|0|1.7|56.8|16.6|0|37.9|0.8|7.6
086024|17-18|0|20|76|0|4|0|0|0|0|0|0|0|40|0|0|0|4
086901|17-18|0.2|48.3|49.4|0.2|0.6|0.4|0.9|8.9|51.7|12.4|1|45.5|9.9|12.2|23.8|6.9|9.7
086902|17-18|0.2|13.9|84.3|0.2|0.3|0.2|1|9.5|32.3|0.8|1|31.8|7|0.8|40.1|5.8|8
087901|17-18|0|46.2|53.8|0|0|0|0|7.4|36.2|8.7|0.3|28.8|7.1|8.7|44.2|4.5|6.7
088902|17-18|5.4|48.1|44.3|0.2|0.3|0|1.8|8.3|53|1.8|2.2|58|10.8|1.7|32|7.8|10.4
089901|17-18|7.7|67.9|23.6|0.1|0.2|0.1|0.3|8|74.4|17.9|1.7|56.1|9|21.4|25.9|7|11.4
089903|17-18|1.3|76.7|21.3|0|0|0|0.6|7.7|85.2|17.3|1.9|59.8|15.5|16.7|25.3|7.6|13.7
089905|17-18|13.4|81.6|3.7|0|0|0|1.2|3.4|93.8|26.8|4.4|70.7|15.8|26.8|26.8|3.7|8.4
090902|17-18|0|15|78.4|0|1.3|0|5.2|10.5|64.1|2.6|0|37.3|21.8|2|46.4|3.3|11.8
090903|17-18|1.2|18.3|76.5|0|0|0|4|6|57.8|1.6|0.4|27.5|14.5|1.6|31.9|0|10
090904|17-18|2.9|47|46.2|0.4|0.5|0|2.9|7.9|60.6|16.2|1|57.5|15.5|15.8|27.7|7.4|11.8
090905|17-18|2|16.3|81.6|0|0|0|0|0|36.7|0|0|10.2|7.9|0|0|0|4.1
091901|17-18|0.7|9.3|83.8|2.2|0|0.4|3.7|7.9|41|0.9|1.3|24.2|10.1|0.9|30.1|7.7|10.2
091902|17-18|1.5|18.3|77.7|0.9|0|0|1.6|8.2|52.7|5.1|1.1|18.5|12.7|5.1|29.1|7.9|6.4
091903|17-18|10.4|19.7|59|2.2|0.6|0|8.2|8.1|62.3|6.6|2.9|38.8|17.2|6.6|25|3.4|13.8
091905|17-18|1.9|16.6|76|0.9|0.3|0.2|4|8.1|45.4|5.4|0.5|33.4|11.7|5.4|29.5|3.8|10.8
091906|17-18|13.3|40.4|36.8|1.1|2.9|0.1|5.5|7.2|67.7|22.2|1.8|60.4|20.6|22|23.8|10.1|11.5
091907|17-18|0.2|20.6|76.1|1.2|0.7|0|1.3|6.5|41.1|6.6|0.4|31.5|8.4|6.6|24.2|9.5|5.6
091908|17-18|1.8|12.4|80.5|0.9|0.8|0|3.6|6.8|28|2|0.4|20.2|7.8|1.9|31.2|6.9|8.8
091909|17-18|0.4|15.6|78.4|2.1|0.3|0.2|3|7.4|47.1|4.6|2|39.7|12.1|3.7|31.3|4.6|10.3
091910|17-18|5.5|12.8|75|1.3|0.5|0|4.9|8.2|44.2|3.5|0.2|32|14.3|3.5|37.8|7.4|6.1
091913|17-18|0.5|6.1|84.7|2.9|0.7|0|5.1|7.8|37.6|1|1.2|34.6|11.8|1|26.3|5|9.1
091914|17-18|0.1|10.4|82|1.4|0.7|0|5.5|7.3|48|3.4|0.5|35|11.2|3.4|28.1|3.5|9.7
091917|17-18|1.1|23.9|71.5|0.6|0.4|0|2.4|7.1|29.9|7.8|0|36.6|8.5|7.7|28.5|8|6.1
091918|17-18|1.5|7.8|86.3|1.1|0.3|0.2|2.9|8.1|46.5|3|0.1|27|13.4|3|30.2|2.6|11.1
092801|17-18|2.9|17.9|77.1|0|0.7|0|1.4|17.9|30|0|0|77.1|38.2|0|65.7|0|9.3
092901|17-18|20.4|17.3|55.6|0.2|0.6|0|5.8|7.5|70.5|6.6|2|52.6|19.3|6.4|24.6|7.2|12
092902|17-18|14.6|33|46.4|0.5|0.9|0.1|4.4|7.9|63.8|17.7|1.1|59.3|10.5|19.4|29.1|3.9|7.6
092903|17-18|35.3|38.6|20.2|0.7|1.4|0.2|3.6|7.1|68.8|18.9|1.5|52.9|18.5|18.5|22.5|4.9|7.4
092904|17-18|24.1|35.3|34.8|0.3|0.9|0.1|4.6|7.7|63.2|14.3|1.5|52.7|17|13|25.5|5.5|8.5
092906|17-18|5.9|20.2|69.7|0.4|0.7|0|3.1|8.2|47.5|8.1|0.1|40.9|10|8.1|32.7|8.2|8.3
092907|17-18|14.4|16.1|63.2|0.8|1.8|0.3|3.5|7.3|41.5|5.4|0.8|25.8|13.4|5.2|24.1|4.6|7.7
092908|17-18|3.4|9|80.2|1.1|0.7|0.1|5.6|6.8|38.2|1|1.6|29.9|10.6|1|25.3|8|9.6
093901|17-18|7.2|16|73.5|0.5|0.2|0|2.6|9.9|42.2|4.2|0.3|38.7|9.2|4.2|34.3|5.8|7.8
093903|17-18|3.2|17.8|77.6|0|0.2|0|1.2|7.4|37.5|1.2|0.4|35.3|12.9|1.2|34.3|5.2|7.4
093904|17-18|20.2|49|28.4|0.4|0.4|0.1|1.7|7.3|79.2|18.9|1.6|62.1|14.3|18.4|28.5|2.5|8.5
093905|17-18|12.3|6.7|79.8|0|0|0|1.2|9.8|57.1|0|0.6|11|21.1|0|34.4|0|6.7
094901|17-18|4.6|70.9|22.9|0.1|0.3|0.1|1.1|8.6|67.3|9.9|2.6|52.2|24.6|9.5|21.1|7.2|10.3
094902|17-18|11.5|41.1|38.7|0.4|2|0.3|6.1|8.7|28.4|3.7|0.8|33.6|13.6|4.7|27.1|5.4|9.3
094903|17-18|1.9|41|54.8|0.1|0.5|0.1|1.6|8.6|32.4|3.7|1.4|31.8|9.8|3.6|30.5|7.4|7.7
094904|17-18|1.8|39.4|56.2|0.1|0.2|0.1|2.1|6.8|43.7|3.1|0.6|35.2|14.4|3.1|31.8|7.4|9.2
095901|17-18|0.9|58.2|39.6|0.3|0.1|0|0.9|7.7|53.9|1.6|1.2|43.1|13.5|1.4|28.7|11.2|8
095902|17-18|0|58.1|41|0|0|0|0.9|6|86.3|1.7|0.9|34.2|23.7|1.7|43.6|2.6|6.8
095903|17-18|1.5|72.2|24.1|0.7|0.3|0.3|1|7.9|69.7|7.7|0.4|53.7|14.7|7.7|28.2|1.5|7.6
095904|17-18|1.1|73.3|25.6|0|0|0|0|7|75.5|14.3|0|47.6|11.5|14.3|30.4|7.3|13.6
095905|17-18|4.1|79|14.8|0.4|0.3|0|1.3|7.3|76.1|6.8|1.8|60.7|13.6|6.6|28.7|8|9.5
096904|17-18|7.8|58.1|33|0.2|0.2|0|0.8|7.2|71.8|14.1|1.1|41.6|13.6|13.9|26.2|7.8|12.9
096905|17-18|2.5|32.3|64.2|0|0|0|1|10.4|50.7|6|0|42.8|6.6|6|44.8|5|8
097902|17-18|0.2|18.9|79.3|0.1|0.2|0|1.2|9|52.3|5.1|1|32.9|13.2|5.1|30|7|10.4
097903|17-18|0.5|23|75.8|0|0|0|0.7|6.1|56.3|8.5|0.2|38.4|11.1|8.3|27.1|2|9.3
098901|17-18|0|47.7|50.7|0.5|0.5|0|0.7|9.1|50.5|18.7|0.7|36.7|7|18.7|36.4|9.1|6.3
098903|17-18|0|51.2|44.1|3.9|0|0|0.8|0|59.8|18.1|0|60.6|8.9|18.1|0|0|7.1
098904|17-18|0|69|30.1|0|0.6|0|0.3|6.2|62.3|22.5|0|51.7|6.7|22.5|26.6|5.2|5.9
099902|17-18|0.9|44.7|49.3|0.5|0|0.5|4.1|7.8|81.7|18.7|0.5|47.5|11.2|18.7|42.5|8.2|9.6
099903|17-18|2.8|29.9|60.8|0.2|1.3|0|4.9|7.7|77.6|2.1|0.2|36.2|12.1|2.1|28.8|5.3|12.6
100903|17-18|14.1|7.4|75|0.4|0.5|0|2.6|8.3|53.8|2.8|1|43.8|18.2|2.8|37.6|9.3|8.6
100904|17-18|17.3|8|69.3|0.5|0.4|0.1|4.5|7.1|56.8|1.3|3.1|57.5|15.2|1.3|32.9|4.4|12.7
100905|17-18|9.9|9.5|77.7|0.2|0.7|0|1.9|8.4|44.1|4.1|1.3|35.5|10.5|4.1|35.9|5.5|8.6
100907|17-18|0.3|8.6|87.7|0.5|0.8|0|2.1|7.6|36.9|1.9|0.7|37.7|10.9|1.9|26.7|5.2|8.3
100908|17-18|0.4|3|94.8|0.4|0|0|1.4|6.6|57.4|0.2|1.4|41.9|20.2|0.2|34.5|9.1|8
101802|17-18|0.9|97.4|0.5|0.6|0.5|0|0.1|0|95.7|86.4|0|91.1|4.8|89.8|0|0|4.8
101803|17-18|9.2|28.9|55.3|0.6|2.2|0.1|3.7|4.8|24.1|3.5|0|33.1|13.1|3.5|0.6|0|7.1
101804|17-18|2.2|96.3|0.8|0.2|0.1|0|0.4|16.9|93.1|49.5|0|82.5|27.9|49.5|50.7|0|8.6
101806|17-18|0.2|99.1|0.5|0.1|0.1|0|0|5.4|98.1|51.1|0|72.3|7.5|50.6|23.4|6.1|6
101807|17-18|34.6|41.7|16.5|0|3.1|0|3.9|0|52|1.6|0|17.3|9.7|0.8|0|0|11.8
101810|17-18|37.3|58.6|0.4|1.5|1.5|0|0.6|0|98.2|60.4|0|63.6|10.3|60.4|0|0|1
101811|17-18|53.8|35.6|8.8|0.6|0|0|1.3|52.7|100|6.3|0|100|99.2|6.3|0|0|12.6
101813|17-18|31.5|64.3|0.9|0.3|2.2|0|0.7|4.8|90|36.2|0|46.7|4.5|35.6|10.5|0|6.3
101814|17-18|41.5|55|2.6|0.3|0.2|0|0.4|0|84.9|48.8|0|58|15.4|46.4|0|0|4.1
101815|17-18|13.7|37.9|4.9|0|42.8|0|0.7|0|29.5|81.1|0|85.6|9.5|81.1|0|0|7.4
101819|17-18|0.4|99.2|0.2|0|0.2|0|0|0|98.4|84|0|86.9|9.4|83.8|0|0|7.8
101821|17-18|14|80|5.5|0|0|0.5|0|14.5|85.5|0|0|81|35.3|0|58.5|5|16
101828|17-18|2.3|96.6|0.7|0|0.2|0|0.1|4.1|94|46.9|0|50.9|6.7|46.9|4.8|0|3
101837|17-18|14.1|56.9|21.9|0|5.5|0|1.6|18|45.7|3.2|0|31.2|16.3|3.2|46.9|0|6.4
101838|17-18|8.3|84.7|5.9|0.2|0.4|0|0.4|7.8|90.3|58|0|75|31|54.6|13.8|0|8
101840|17-18|88.6|10.3|0.4|0|0|0|0.7|0|93.7|5.4|0|26.5|6|5.4|0|7.5|2.1
101842|17-18|10.7|73.3|16|0|0|0|0|8|68|30.7|0|88|36.1|22.7|44|0|5.3
101845|17-18|10.4|86.4|1.4|0.6|1.1|0|0.2|14.4|51.7|19.5|0.1|50.2|4.4|18.4|21.2|0|6.1
101846|17-18|29.6|50.3|10.1|0.2|9|0.1|0.7|12.2|76|26.4|0|58.2|8.4|25.2|24.3|7.6|6.9
101847|17-18|96.2|3.1|0|0|0|0|0.7|0|73.5|0|0|9.9|9.3|0|7|0|7
101849|17-18|53.9|43.1|1.1|0.4|1.5|0|0|0|95.9|31.2|0|48|9.9|31.2|0|0|2.6
101853|17-18|21.7|69.7|3.2|0.3|4.8|0|0.3|0|98.7|60.6|0|68.9|11.8|59.7|0|0.6|8.7
101855|17-18|75.5|21.6|0.8|0|1.2|0|0.8|0|93.1|0|0|35.9|9.5|0|0|0|5.7
101856|17-18|0.6|97.1|0|0|2.3|0|0|0|97.1|87.6|0|90.5|4.6|87|0|0.2|1.8
101858|17-18|17.4|39.4|28.5|0.2|12.9|0|1.6|5.7|61.1|22.4|0|43.5|10|21|11.7|14.1|6.3
101859|17-18|23.4|57.6|2.1|1.3|14.8|0.2|0.6|0|79.7|48.3|0|51.7|14.4|48.1|0|0|7
101861|17-18|81.9|12.6|1.8|0.3|0.5|0.1|2.8|0|64.7|2.8|0|42.4|15.9|2.4|0|2.6|7.6
101862|17-18|26.1|18.1|24.5|0.3|28.8|0.1|2.2|9.4|48.7|16.2|0|39.9|11.1|15.9|25.6|18.4|5.9
101864|17-18|96.6|3.4|0|0|0|0|0|0|83.7|0.9|0|76|21|0|0|0|9.9
101868|17-18|91.8|6.9|1|0|0|0|0.2|15.9|94|0|0|86.6|32.4|0|54.6|0|15.4
101870|17-18|11.5|80|5.3|0|2|0|1.3|0|38.6|20|0|40.8|21.5|18.8|0|0|4.9
101871|17-18|56.8|28.4|10.3|0.6|0.6|0|3.2|0|46.5|3.9|0|17.4|38.3|2.6|0|1.3|11
101902|17-18|22.7|72.9|2.2|0.2|1.1|0.2|0.6|7.6|89.2|34.4|1.7|74.4|18.2|33.7|29.5|4.4|7.6
101903|17-18|29|53.1|4|1.1|12|0.1|0.6|8.3|79.7|43.6|2.3|77.8|24.5|44|22.8|4.4|7.3
101905|17-18|11.3|78.4|7.4|1.3|1|0.1|0.6|7.4|77.7|31.9|1.3|59.4|15.4|30.2|33.2|3.1|9.2
101906|17-18|15|38.3|44|0.3|0.3|0|2|8.8|51.5|13.4|1.6|51.9|14.7|11.8|22.5|4.3|8.5
101907|17-18|18.2|44.3|24.8|0.8|9.3|0.1|2.5|8.9|50|14.6|0.9|44.7|12.1|14|30|5.9|8
101908|17-18|2.5|57.2|37|0.1|1|0|2|8.3|46.5|11.8|1.8|39.5|11.7|13.3|22.2|6.5|10.4
101910|17-18|15.5|78.2|4.6|0.3|0.7|0|0.7|7.6|79.8|31.6|1.2|65.4|12.6|31.3|29.3|5.7|8.6
101911|17-18|15.4|61.8|19|0.3|1.6|0.1|1.9|7.5|66.7|15.7|1.6|53.2|20.2|14.9|27.5|8.3|10
101912|17-18|24|61.7|8.8|0.2|4|0.1|1.1|7.7|75|31.5|0.9|71.7|19.2|32.4|20|15.8|7.1
101913|17-18|20.8|35.4|37.9|0.4|3|0.5|2.1|8.6|32.3|9.2|0.9|46.7|11.5|9|27.7|7.1|7.7
101914|17-18|10.8|34.8|35.7|0.3|15.2|0.1|3.1|7.9|31|17|0.4|41.4|11.4|17|20.1|7.8|9.9
101915|17-18|14.8|40.7|32.2|0.5|8.6|0.1|3.1|8.5|40|15|1.3|40.3|14.3|14.6|25.9|4.1|8.8
101916|17-18|7.1|47.7|41|0.6|0.9|0.1|2.6|9|50.5|8.7|1.9|45.2|12.1|9.9|28.2|8.7|10.9
101917|17-18|7.5|83|5.7|0.1|3|0.1|0.6|8.1|76.6|28.7|1.3|59.8|16.7|27.3|21.2|5.2|9.8
101919|17-18|39.9|45.6|7.9|1.9|2.9|0.3|1.6|7.7|69.5|23.9|0.7|62.9|22.8|23.5|35.3|6.4|8.2
101920|17-18|5.1|59.2|26.8|0.3|6.5|0|2|8|56.2|33.7|0.9|57.4|13.5|34.4|18.5|8.9|7.7
101921|17-18|4.8|30.3|53.3|0.3|7.3|0.1|3.9|7.6|21.8|10.2|0.7|28.8|9.3|10|28.6|9|7.8
101924|17-18|21.2|71.2|5.7|0.2|0.5|0.1|1|7|76.7|28.8|1.4|71.5|16.8|31.5|31.5|5.3|7
101925|17-18|2.3|21.8|73.9|0.1|0.4|0|1.4|7.4|39.6|6.2|1.3|41.1|12.2|5.9|27.4|7.1|9.4
102901|17-18|56.1|9.5|23.6|0|0|0|10.8|0|99.3|2.7|2.4|8.1|29.2|2.7|0|2|2
102902|17-18|37.2|35.5|23.5|0.5|0.6|0.1|2.7|8|68.2|17.9|2.7|61.3|15.2|17.3|29.2|13.7|6.6
102903|17-18|16.1|23.9|53.7|0|0.1|0|6.2|8.1|62.1|10.3|3.8|42.7|8.6|9.7|33.2|5|8.5
102904|17-18|6.5|15.1|72.5|0.3|0.9|0|4.7|7.5|40.8|4|1|33.7|11.7|4|31.3|7.5|8.2
102905|17-18|2.2|6.8|88.3|0.4|0.1|0|2.2|10.2|46.3|1|1.3|40.7|12.1|1|29.2|8|10.5
102906|17-18|13.6|5|75.5|0.3|0.7|0|5|8.6|49.5|0.8|0.1|36.9|11.5|0.9|28.4|5.7|12.9
103901|17-18|1.7|29.8|65.7|0|0|0|2.8|8.3|64.6|6.6|0|34.8|13.1|6.6|37.6|2.8|11.6
103902|17-18|0|58.2|40.2|0|0|0|1.7|10.5|63.6|33.5|0|47.3|12.1|33.5|35.1|0.4|5.9
104901|17-18|5.6|42.9|46.9|1.3|0.5|0|2.7|7.1|71.2|2.2|0|46|17.2|2.2|31.3|1.6|10.7
104903|17-18|0.7|39.4|56.3|0.7|0|0|2.8|6.3|83.8|4.2|0.7|62|15.6|4.2|33.1|5.6|11.3
104907|17-18|1.5|37.1|59.1|0|0|0|2.3|11.4|84.1|0|1.3|56.1|18.7|0|32.6|2.3|4.5
105801|17-18|1.3|20.4|73.2|0|0.6|0|4.5|24.8|40.1|0|0|65|37.9|0|79.6|0|8.9
105802|17-18|36.7|37.5|16.9|0.8|2.8|0|5.2|0|73|0|0|26.6|20.7|0|0|0|11.3
105803|17-18|15.5|21.3|58|2.9|0.6|0.6|1.1|13.2|97.7|2.3|0|98.9|88.9|1.1|42|0.6|55.2
105902|17-18|4.6|71.9|21.4|0.1|0.9|0.1|1.1|8.8|68.6|10.2|2.2|49.6|15.9|9.8|27.8|10.2|11.6
105904|17-18|0.8|20.8|72.2|0.3|1.8|0.1|3.9|8|9|4.6|1|19.9|6|4.5|22.6|6.7|9.9
105905|17-18|0.6|24.8|70.8|0.7|0.5|0|2.5|7.8|25.8|6.3|1.2|31|8.8|5.9|31|8.1|8.7
105906|17-18|2.8|64.2|29.5|0.2|1|0.1|2.4|8.3|47.5|16|1.4|45.1|12.8|15.3|20.9|7.3|10.8
106901|17-18|0|46.9|51.7|0.2|0.5|0|0.6|7.4|35.9|12.2|0|38.8|8.3|12.2|32|4.5|7.3
107901|17-18|12.4|47.7|34.7|0.1|0.9|0|4.2|7.9|74.5|23.1|1.7|58.4|11.8|21.6|29.3|4.4|7.3
107902|17-18|6.9|15.8|74|0.5|0.4|0.3|2.1|8.1|51|4.5|2|43.7|14.5|4.4|25.7|4.8|10.8
107904|17-18|0.7|8.1|88.8|0.2|0.2|0|2|6.1|56.9|1.3|0.7|29.9|14.1|1.3|29|3.7|9.9
107905|17-18|1.2|10.3|84.7|0.5|0.1|0|3.2|8.7|60.3|1.6|1.8|44.1|18.9|1.6|23.8|3.6|14.7
107906|17-18|13.1|15.6|67.8|0.2|0.4|0.1|2.7|8.4|58.5|4.5|2.9|38.2|21.3|4.2|27.5|4.3|9
107907|17-18|12.1|19.7|57.8|0|0|0|10.4|5.8|67.1|4.6|0|15.6|15.3|4.6|34.7|4|9.8
107908|17-18|0|16.3|82.5|0|0|0|1.2|0|60.2|4.8|0|34.3|14.7|4.8|0|6|9
107910|17-18|8.2|10.4|80.4|0.2|0|0|0.9|4|57.6|1.1|1.2|6|13.3|1.1|22.1|2.4|9.1
108802|17-18|0.6|94.3|3.2|0.6|1.2|0|0.1|0|76.2|40|0|57.6|12.4|36.9|0|4.1|4
108804|17-18|0|99.7|0.3|0|0|0|0|7.6|97|15.3|0|92.4|72.1|14.4|19.3|0|9.3
108807|17-18|3.6|91.7|3.6|0|0.6|0.1|0.4|5.7|87.8|32.9|0|45.9|7|32.1|4.3|0|5.2
108808|17-18|0.4|98.1|1|0|0.3|0|0.2|4.3|82.3|36.2|0|54.9|4|35.9|18.3|0|4
108809|17-18|0|99.1|0.9|0|0|0|0|0|84.4|66.2|0|78.4|19.6|64.5|15.6|0|8.7
108902|17-18|0.1|99.7|0.2|0|0|0|0|8.6|93.8|49.1|1.9|79.8|20.4|50.1|24.6|8.5|8.3
108903|17-18|0.1|99.5|0.4|0|0|0|0|7.9|99|25.4|2.3|61.4|15|25.2|27.7|11.7|8.2
108904|17-18|0.2|97.2|1.7|0|0.6|0|0.3|9.2|86.3|31.4|1.7|56.4|16.3|31.3|25.5|6.3|5.9
108905|17-18|0.1|99.8|0.1|0|0|0|0|8.7|89.1|57|1.2|75.3|10.4|57|31.7|10.1|6.2
108906|17-18|0.4|94.1|3.8|0.1|1.3|0|0.3|9|71.2|32|1.3|58.3|15.2|33.1|29|9.6|9.5
108907|17-18|0.2|98.4|0.9|0.1|0.1|0|0.3|7.6|89.6|26.9|2.2|65.2|17.6|25.3|32.3|12.8|6.9
108908|17-18|0.1|98.9|0.8|0|0.1|0|0|8.4|83.4|31.6|1.7|61.9|16.6|31|31.6|11|7.2
108909|17-18|0.1|99.1|0.6|0.1|0.1|0|0|7.3|90.8|42.8|0.7|76.1|23.6|45.4|25.7|6.9|7.1
108910|17-18|0|99.6|0.4|0|0|0|0|8.8|99.5|53.8|0.6|67.1|14.2|53.2|26.4|10.5|6.9
108911|17-18|0.5|93|4.3|0|1.9|0|0.3|9.3|59.8|28.2|0.6|47.3|11.1|27.9|31.8|11.2|6.4
108912|17-18|0|99.6|0.3|0|0|0|0|8.8|93.4|53.6|1.3|77.7|17.3|52.1|28.9|9.1|7.8
108913|17-18|0.1|97.9|1.7|0.2|0.2|0|0|8.4|82.4|27|1.4|64.1|18.1|25.7|28.7|5.6|8.3
108914|17-18|0|100|0|0|0|0|0|7.6|91|19.5|0.3|68|16.9|17.6|28|8.6|6
108915|17-18|0|98.7|1.3|0|0|0|0|7.5|91.9|31.3|2.5|54.6|12.4|30.6|24.2|3.1|6.4
108916|17-18|0|99.7|0.2|0|0|0|0|8.3|90.2|61.7|1.7|71.1|9.4|61.6|32.4|7|6.3
109901|17-18|0.3|15.9|81|0|0|0|2.8|6.6|23.9|1.7|0|28.7|7.6|1.7|46.4|0.7|11.1
109902|17-18|6.1|32.4|58.1|0|0|0|3.4|7.3|73.7|3.4|0.5|49.2|11.4|2.8|38|1.7|14
109903|17-18|0|14.1|81.5|0.7|0.3|0|3.4|7.4|48|1.3|0|40.3|14.5|1.3|44.6|4|13.1
109904|17-18|14|57.2|24.5|0.5|0.6|0.1|3.1|7.3|67.9|13.7|2|50.7|12.4|13|29.1|4.7|10.2
109905|17-18|11.6|16.4|67.5|0.3|0.3|0|4|6.3|60.7|1|1|38.5|14|1|35.5|7.8|11.8
109907|17-18|8.5|43.4|44.2|0.3|0.7|0|2.9|7.2|66.3|10.8|4|46|14.7|10.7|26.6|6.6|9.5
109908|17-18|5.7|55.1|34.8|0|0|0|4.4|0|86.1|29.7|0|79.7|26.5|29.7|0|5.1|13.9
109910|17-18|5.6|22.7|66.7|0.5|0|0|4.5|5.6|82.3|8.1|0|21.7|12.7|8.1|21.2|5.6|12.6
109911|17-18|5|21.3|69.5|0.4|0.3|0.1|3.4|7.9|61.8|5.3|2.3|46.3|15.3|5.2|24.1|6|12.7
109912|17-18|1.9|14.9|81.1|0|0.3|0|1.9|6.5|57.8|4|0.9|35.1|11.2|4|26.4|10.2|10.6
109913|17-18|1.7|13.1|81.5|0.6|0|0|3.1|9.7|59.9|1.1|0.7|48.6|13.8|1.1|29|4.8|12.8
109914|17-18|0.4|30|67.9|0|0.4|0|1.3|9.3|67.5|5.1|0.4|11.8|7.6|5.1|37.1|1.7|20.7
110901|17-18|4.3|70.2|22.6|0|0|0|3|6.4|83.4|5.5|1.4|58.3|19.4|5.1|41.7|3|11.1
110902|17-18|3.2|71.1|24|0.3|0.3|0|0.9|7|70.8|7.6|3.5|53.9|14.2|7.1|37.5|5.5|13.8
110905|17-18|1.2|39.3|57.7|0.5|0.2|0|1.2|5.1|51.4|1.9|1.8|31.9|19.7|1.9|29.8|1.2|7.2
110906|17-18|1.9|49.9|46.6|0.2|0|0|1.4|10.9|59.2|1.6|0.4|38.3|15.5|1.2|42.7|6|13
110907|17-18|1.5|60.3|37.1|0.3|0.5|0|0.3|7.5|39.4|4.1|1.4|34.9|9.6|4.1|29.3|10.4|7.1
110908|17-18|2.2|46.2|50|0|0|0|1.6|6.5|37|1.1|0|36.4|9.8|1.1|43.5|6|9.8
111901|17-18|1.1|24.3|71.1|0.5|0.8|0.3|2|8.2|49.5|8.3|1.8|43.5|16.5|8.1|29|8.3|10.5
111902|17-18|0.3|11|86.9|0|0|0|1.8|7.2|47.9|3.1|0.2|23.1|12.4|3.1|28.2|4.6|7.9
111903|17-18|0.8|6.1|91|0.1|0.5|0.4|1.1|7.3|33.8|0.8|0.4|30.9|8.1|0.8|33.8|3.4|6.4
112901|17-18|11.7|27|55.4|0.4|1.2|0.1|4.3|8|60|12.9|1.7|49.9|12.1|12.7|27.6|4.6|10.1
112905|17-18|1.3|10.5|82.7|2|0|0.8|2.8|7.7|55.4|3.6|0.7|44.4|13.8|2.8|44.1|7.1|13.5
112906|17-18|0.2|23.4|71.4|0.2|0|0.2|4.6|8.5|65.1|10.2|0|51.5|10.1|9.7|32.4|6.9|10.2
112907|17-18|0.3|20.4|76.3|0|0.3|0.9|1.8|7.6|56.8|7.6|0.3|17.6|16.7|7.6|32.5|0.3|9.1
112908|17-18|2.3|42.5|52|0.7|0.5|0|2|8.2|72.8|25.4|0.9|52.7|9.1|25.4|31.5|5.1|9.4
112909|17-18|3.3|25.2|69.1|0|0|0|2.4|8.5|67.5|8.5|0.4|31.7|17.3|8.5|30.9|0.4|11.4
112910|17-18|3.2|11.5|81.2|0|0|0.5|3.7|6|61|3.7|0.4|39|14.2|3.7|30.7|5.5|13.3
113901|17-18|49.8|31.3|15.2|0.3|0.8|0.1|2.6|8|83.6|17.3|2.8|59.1|16.2|17.3|24.7|4.4|9.7
113902|17-18|23.4|10.2|60.4|0|1|0.4|4.5|6.9|55.7|1.8|1.1|35|15.1|1.8|43.9|4.5|14.6
113903|17-18|10.8|8.8|75.9|0|0.9|0|3.7|6.2|39.9|3.1|0.3|22.3|11.1|3.1|38.6|5.1|10.8
113905|17-18|3.5|10.1|84.3|0.2|1.2|0|0.6|8|45.8|1.4|0.8|42.7|12.8|1.4|33.8|7.6|9.7
113906|17-18|11.2|7.6|78.4|0.7|0|0|2.2|7.6|64.4|0.7|2|55.4|19.8|0.7|38.8|5.8|11.2
114901|17-18|5.9|65.6|24.8|0.1|0.8|0.1|2.7|7.7|69.9|4.2|2.6|59.2|18.7|3.3|27.7|3.7|9
114902|17-18|0.5|37.9|59.6|0.3|0.1|0|1.6|7.6|36.5|1.5|0.1|28.9|11.7|1.5|29.5|8.6|8
114904|17-18|1.9|30.1|63.2|0.6|2.2|0|2|7.8|29.7|1.7|0.3|29.3|9.4|1.7|24.3|6.1|6.5
115901|17-18|0|97.3|2.2|0|0.2|0|0.2|5.6|93.2|54|0|70.4|9.6|67.7|24.4|4.2|6.4
115902|17-18|1.8|71.9|24.6|0|1.8|0|0|12.3|81.6|7|0|43|20.2|7|42.1|1.8|9.6
115903|17-18|0|59.4|39.1|1.6|0|0|0|3.1|100|28.1|0|37.5|12.5|28.1|56.3|4.7|12.5
116901|17-18|2|15.2|79.7|0.5|0.3|0|2.2|8.6|31.4|2.7|2.6|31.9|8|2.7|33.4|3.2|9.4
116902|17-18|1.4|15|78.9|0.6|0|0|4.1|9|54.7|2.7|1.5|46.9|12.6|2.7|34.2|4.7|12.5
116903|17-18|22|22.5|45.4|0.6|2.4|1.3|5.8|7.9|62.1|9.8|1.7|58.1|16.2|9.8|35|6.5|11.1
116905|17-18|16.5|41.4|36.6|0.7|0.8|0.3|3.6|6.6|67.2|20.2|0.7|60.2|18.5|19.4|24.2|9.2|11.1
116906|17-18|2.3|9.9|84.6|0.5|0.6|0.2|2|9.2|44.1|1.3|1.2|21.2|15.8|1.2|29.8|8.5|14.8
116908|17-18|1.4|27.4|68.3|0.8|0.3|0|1.8|7.5|66.5|10.7|1.6|53.4|16.5|10.6|32.9|4.1|11.3
116909|17-18|3.9|16.2|77|0.7|0.4|0|1.8|7.9|57.7|4.5|0.1|35.3|12.4|4.5|28.5|5.8|9.6
116910|17-18|0.6|20.8|74.9|0.3|0.9|0|2.4|9.5|60.9|5.5|1.8|52|18.9|5.5|34.3|14.1|12.8
116915|17-18|0.9|39.2|57.8|0.6|0|0.1|1.3|9.1|52.6|13.8|0.8|29.1|12.7|13.8|43|6.6|10.7
116916|17-18|4.4|12.2|78.6|0.7|1.1|0.2|2.8|6.8|54.3|1.8|1.7|46|13|1.7|28|7.2|11.8
117901|17-18|2.3|45.8|46.8|1|0.4|0|3.5|7.3|54.4|9.8|1.7|45.6|14.2|8.7|24.6|5.5|11.4
117903|17-18|0.7|8.7|85.9|1.5|0.4|0.1|2.7|7.7|42.2|0|0.6|40.6|12.4|0|27.7|5|14
117904|17-18|0.4|21.3|74.1|1.5|0|0|2.8|10.9|38.2|0.9|0.7|42.6|9.1|0.9|21.7|5.5|9.2
117907|17-18|0|12.7|81.4|0|0|0|5.9|0|36.3|1|0|27.5|18.6|1|0|14.7|2
118902|17-18|1.1|31.4|65.7|0|0|0|1.8|9.4|26.4|0.4|3.8|25.6|15.4|0.4|29.6|6.1|5.8
119901|17-18|0|12.6|84.3|1.1|0.4|0|1.5|9.2|48.7|2.3|0|35.6|11.1|2.3|35.6|4.2|8.8
119902|17-18|0.6|32.8|62.6|1|0.7|0|2.4|6.9|65.7|14.2|1.2|45.6|11.5|14.1|26.7|3|9.7
119903|17-18|0|16.8|79.7|0|0|0|3.5|10|58.2|2.4|0.7|40|16.2|2.4|34.4|6.2|10.9
120901|17-18|13.7|44.3|37.8|0.3|2|0.1|1.8|6.8|64.4|9.2|1.3|32.6|15.4|8.7|29.9|7.1|9.4
120902|17-18|2.6|54.3|42|0|0|0|1|7.2|57.3|10.2|1.3|44.9|8.1|10.1|31.7|6.4|8.6
120905|17-18|0.9|29.2|69.1|0.3|0.2|0|0.3|8.8|37.4|3.8|1.9|27.9|7.9|3.8|24.5|5.8|9.6
121902|17-18|4.2|4.7|86.5|0|0.2|0|4.4|5.2|64.3|0|4.4|38.4|19.7|0|24.4|0.7|11.6
121903|17-18|4.7|3.1|89.9|0.5|0|0|1.8|8.2|46.1|0.7|1.4|58|11.9|0.7|37.1|6.6|10.8
121904|17-18|40|18.9|37.1|0.2|0.4|0.2|3.3|8.2|81.3|8.5|4.4|61.5|13.6|8.1|28|5.6|11.2
121905|17-18|9.4|7.5|78.1|0.1|0.5|0|4.4|8.8|63.4|2.5|1.1|37.3|14.4|2.5|32.4|5.1|7.3
121906|17-18|0|3.5|93|0|0|0|3.5|8.8|43.9|1.6|0.6|30.4|15|1.6|38.8|0.2|10.5
122901|17-18|0|59.7|39.4|0|0|0|0.9|7.1|53.5|15|0|50.4|15.4|15|21.7|16.4|11.5
122902|17-18|0|69.7|27.3|0|3|0|0|9.1|60.6|24.2|0|27.3|23.8|24.2|27.3|0|9.1
123803|17-18|90.4|4.4|3.7|0|0|0|1.5|2.5|63|0|0|56.9|27.7|0|11.3|0|3.7
123805|17-18|22|71.6|4.7|0|0.8|0|1|0|82.4|50.1|0|67.2|19.1|49.9|0|4.7|4.4
123807|17-18|2.2|96.1|0.5|0.1|0.5|0|0.6|10.6|89.5|46.2|0|57.8|10.6|45|35.3|0|4.4
123905|17-18|9|27.1|54.7|0.5|6.8|0.1|1.8|7.7|40.5|8|1.6|24.7|11.9|7.7|24.7|3.5|10.4
123907|17-18|41.4|49.5|2.6|2.5|3.5|0|0.5|6.3|83.3|27.8|3.2|74|18.4|22.2|25.1|4.1|7.5
123908|17-18|2.9|25.2|63.7|0.2|5.6|0|2.5|7.9|38.1|5.3|0.9|41.7|10.3|5.3|26.9|9.2|9.4
123910|17-18|59.8|24.3|10.3|0.2|2.9|0.1|2.4|7.8|79.1|11.1|2|37.6|21.9|10.5|26.3|7.7|7.6
123913|17-18|22.1|36.1|39.4|0|1.3|0|1.1|10.2|69.8|1.1|0.5|46.9|4.8|0.5|36.7|3.5|2.2
123914|17-18|7.5|17.4|70.8|0.7|2|0.1|1.5|8|47.7|4.4|0.9|50.9|8.4|4.4|42|6.9|7.6
124901|17-18|0.3|97.1|2.4|0.1|0.2|0|0|6.7|83.9|7|3.7|35.3|9.4|6.3|24.8|9|7.7
125901|17-18|0.6|92.4|6.5|0.1|0.3|0|0.1|7.6|68.4|2.9|1.9|55.1|12.8|2.3|29.2|3.7|8
125902|17-18|0.4|93.5|6.1|0|0|0|0|7.9|81.9|4.7|0.7|70.9|14.2|5.1|45.7|6.5|7
125903|17-18|0.1|59.9|39.1|0|0.3|0|0.5|7.7|59.6|1.7|2.1|40.9|13.9|1.7|35.6|6.7|9.9
125905|17-18|0.3|97.8|1.5|0|0.3|0|0|9.8|88.3|5.7|0.7|67.4|19.2|5.2|24.2|4.8|8.9
125906|17-18|0|97.7|2.3|0|0|0|0|0|56.9|0|0|9.2|10.3|0|0|3.8|3.1
126801|17-18|2.2|15.4|73.6|0|0|3.3|5.5|13.2|24.2|3.3|0|48.4|64.5|3.3|11|0|12.1
126901|17-18|2.9|38.2|55.6|0.7|0.3|0|2.3|7.6|63.2|15.9|1|51.4|15|15.8|27.7|7.2|6.7
126902|17-18|6.4|22.5|65.6|0.5|1.2|0.2|3.5|8.2|35.7|5.4|1.2|39.7|13|5.2|26.1|7.7|8.3
126903|17-18|3.7|41.8|48.9|0.8|0.4|1.5|2.9|8.5|64.8|19.7|2.1|56.1|15.4|19.7|32.9|9.1|9.7
126904|17-18|1.5|16.9|78.4|0.7|0.7|0.1|1.6|7.9|33.4|3.6|0.8|26.1|9.8|3.6|29.3|7.5|7.5
126905|17-18|1.4|26.9|68.2|0.5|0.5|0.1|2.4|7.3|52.2|9.3|1.2|41.8|14.6|9.3|25|3.4|7.4
126906|17-18|3.6|35.2|37.4|0.5|0.8|18.1|4.4|9.3|73|19.8|1.8|42.4|18.1|19.8|26|4|7
126907|17-18|0.1|14.9|81.4|0.1|0|0|3.4|8.2|52.5|5.7|0.5|47.9|15.5|5.5|27.4|9.4|9.6
126908|17-18|3.3|54.9|37.9|1.1|1.1|0.1|1.6|7.8|73.1|22.6|2.9|52.2|13.3|22.2|23.3|6.5|8.4
126911|17-18|1.4|25.2|69.6|1.3|0.2|0|2.2|7.4|54.7|9.8|0.9|47.7|14.7|9.7|29.4|3.6|10.7
127901|17-18|1.4|48.2|46.7|0.1|0.5|0|3|8.3|60.7|1.6|0.9|52.7|10.4|1.6|32.8|6.2|12.7
127903|17-18|3|41.8|47.9|0|1|0|6.3|5.5|68.8|5.5|0.7|58.2|13|5.5|29|3|12.6
127904|17-18|1.1|20.5|76.9|0.1|0|0|1.4|7.6|52.1|0.3|1|46|15.4|0.3|36.1|12.9|7.7
127905|17-18|0.9|20.8|74.5|0|0|0|3.8|7.5|79.2|0|2.3|48.1|26.9|0|34|0.9|18.9
127906|17-18|11|44.5|39.9|0.3|0.6|0|3.7|7.3|66.6|3.3|0.8|49.1|13.6|3.3|39.9|2.4|8.7
128901|17-18|2.1|72.7|24.4|0.2|0|0.1|0.5|8.6|74|5|2.5|47.6|17.1|4.6|26.4|11.1|10.9
128902|17-18|2.4|85.4|10.9|0|0.2|0|1|7.3|87.1|5.8|1.7|46|19.5|5.7|30.8|6.9|13.6
128903|17-18|0.7|88.1|11.2|0|0|0|0|5.4|71.6|0.4|4.9|57.6|27.6|0.4|51.8|8.3|10.8
128904|17-18|0|20.1|78.5|0|0.3|0|1.1|7.4|21|2|0|14.2|7.3|1.7|41.6|9.3|8.2
129901|17-18|15.2|27.7|53.4|0.5|0.6|0.1|2.5|7.9|44.3|10.4|2.6|43.6|13.8|10|25.8|5.6|8.8
129902|17-18|14.5|26.5|53.4|0.5|1.9|0.1|3.1|8.2|23.9|7.2|0.8|36.9|10.8|9.3|35.2|2.9|8.9
129903|17-18|5|47.6|44.2|0.6|0.5|0.1|2|9.3|69.7|17.5|1.1|49.7|11.8|17|31.6|5.4|8.7
129904|17-18|1.9|24.1|70|0.4|0.2|0.1|3.3|8.1|70.7|9.4|2|43.9|17.2|9.2|42.3|4.9|11.6
129905|17-18|1.8|17.1|75.9|0.5|1.2|0.1|3.4|7.8|60.7|3.7|2.2|44.2|15.2|3.7|34|8|10.7
129906|17-18|22.9|48|25|0.4|0.5|0|3.2|7.3|76.1|19.8|2.4|52.5|20.2|19.6|35.3|5.7|8.4
129910|17-18|1.8|16.7|79.6|0.5|0.1|0|1.3|7.3|41.6|4.1|2.1|31.5|10.6|4|31.8|6.3|10.3
130801|17-18|13.9|50.4|33.6|0.7|0.7|0|0.7|13.9|92.7|0|0|97.1|72.9|0|16.1|0|51.8
130901|17-18|0.8|30.2|65.3|0.3|1.1|0.1|2.2|7.9|17.4|4.4|1|45.5|7.8|7.4|32|6.3|8.9
130902|17-18|0.1|56.7|41.6|0.3|0.3|0|1|8.6|54.5|10.9|1.3|40.5|9.8|9|32.4|3.2|12.5
131001|17-18|5.1|80.8|11.5|0|0|0|2.6|0|76.9|2.6|0|47.4|15.3|2.6|0|11.5|17.9
132902|17-18|0.7|25|73|0|0|0|1.3|3.9|36.2|0|0|28.9|10.5|0|28.3|0|13.8
133901|17-18|0.5|54.9|42.7|0|0.2|0|1.7|7.8|71.4|18.6|1.6|51.6|13.4|18.6|32.5|4|10.1
133902|17-18|0|36.5|60.4|0|0|0.5|2.6|0|44.3|19.8|0|43.2|9.2|19.8|0|4.2|8.9
133903|17-18|1.9|45.7|48.6|0.3|1.5|0.2|1.9|7.1|55|7.6|1.2|46|16.6|7.6|24|5.7|8.1
133904|17-18|0.7|45.3|51.3|0|0.4|0.2|2.1|6.6|73.1|15.2|1.8|47.2|12.8|13.6|33.5|5.3|7.9
133905|17-18|0|17.6|76.5|0|0|0|5.9|0|0|5.9|0|23.5|7.1|5.9|0|0|17.6
134901|17-18|0.2|40.7|57.8|0|0.5|0|0.8|6.4|61.6|2.3|2.6|44|15.3|2.3|35|7.5|11.2
135001|17-18|0|9.1|90.9|0|0|0|0|7.1|0|1|0|14.1|11.3|1|37.4|11.1|3
136901|17-18|0.3|66|32|0.3|0|0|1.4|6.9|59.8|5.7|0.2|37.6|12|5.2|27.8|8.6|10.3
137901|17-18|3.8|86.2|8.9|0.1|0.9|0|0.1|8.3|74.1|3.6|2.2|58.6|19.1|3.2|29.2|3.8|12.1
137902|17-18|1.2|84.3|13.2|0|0.7|0|0.6|0|68.3|2.3|0.3|32.3|11.8|2|0|4.7|7.1
137903|17-18|0|74.6|23.5|0.2|0.5|0|1.2|8.6|70.8|4.5|0|38|11.6|4.5|49.4|4|7.6
137904|17-18|2.1|72.4|21|0.4|2.8|0|1.3|12.2|35.7|0.4|0|17|3.9|0.4|34.4|17.5|2
138902|17-18|3.6|52.2|39.9|0|0.4|0|4|10.4|69.8|9|0|44.6|12.9|9|29.1|1.4|12.2
138903|17-18|6.5|52.7|36.7|0.3|0.5|0|3.3|4.9|63.9|4.6|0|32.1|12.2|4.6|20.9|4.1|14.4
138904|17-18|0.9|37.3|55.5|0|0|0|6.4|3.6|65.5|1.8|0.9|30|25.7|1.8|27.3|10|9.1
139905|17-18|4|8|83.7|1.5|0|0|2.8|7.9|51.8|4.6|0.4|41|9.2|4.6|26.4|2.9|9.8
139908|17-18|8.9|16.5|67.1|0|0|0|7.6|6.3|77.2|4.4|0.9|46.2|26.5|4.4|36.1|6.3|16.5
139909|17-18|32.5|22.6|36.1|0.9|0.8|0|7|6.7|77.7|10.6|2.9|51.4|17.7|9.9|22.4|10.7|12.3
139911|17-18|3.6|10|79.2|2.1|1|0.3|3.8|7.7|48|2.6|1.8|45.6|11.8|2.5|27.8|9.6|14
139912|17-18|0.4|7.4|88.3|1.1|0|0|2.7|6.9|51.7|2.1|1.1|32.9|12.6|2.1|29.1|7.5|8.7
140901|17-18|4.8|87.9|7.3|0|0|0|0|5.5|80|35.2|0.6|54.5|10.3|34.5|32.7|1.2|9.7
140904|17-18|6.7|72.6|19.3|0.1|0.2|0|1|8.2|77|6.4|2.5|47.6|15.6|6.4|28.2|3.2|11.2
140905|17-18|0.8|75.7|23.3|0|0|0|0.2|8.5|70|15.3|1.7|41.9|10.1|15.3|33.9|7.3|8.3
140907|17-18|1.6|71.6|26.8|0|0|0|0|4.9|68|16.4|0.2|59|10.8|16.4|29.5|6|14.5
140908|17-18|0.6|53.9|43.5|0.2|0.2|0|1.5|6|50.5|7|0|40.7|11.3|7|32.6|5.5|9
141901|17-18|2.5|26.9|63.9|0.7|0.8|0.7|4.5|7.6|47.9|3.3|1.1|41.6|14.1|3.2|27.4|9|11.8
141902|17-18|1.4|50.4|45.7|1.1|0.7|0|0.7|7.1|80.5|13.1|0|48.6|22.5|13.1|34|2.8|12.8
142901|17-18|0.1|94.8|4.4|0.1|0.1|0|0.4|7|87.5|7.1|2.1|58.5|9.5|6.3|31.9|9.5|12.2
143901|17-18|10.5|20.1|65.6|0.4|0.3|0|3.1|9.4|47.6|1.9|1.8|35.7|9.4|1.9|35.9|6.5|9.1
143902|17-18|0.7|43.9|52.9|0.7|0|0|1.8|6.4|50|8.9|0|21.8|10.6|8.9|26.1|2.5|12.1
143903|17-18|5.7|18|73.2|0.5|0.6|0|2|9.9|35.9|2|0.1|21.6|6|2|31|1.8|11.4
143904|17-18|16.5|6.6|72.7|0|2.5|0|1.7|0|42.1|2.5|0|14.9|13.3|2.5|0|5|5.8
143905|17-18|0|12.8|84|0|0|0|3.2|0|22.4|0|0|14.7|3.1|0|0|10.3|4.5
143906|17-18|2|4.9|88.2|0|0|0|4.9|0|45.1|0|0|14.7|7.7|0|0|1|4.9
144901|17-18|9.2|55.5|32.2|0.2|0.6|0|2.3|9.6|69.9|18.5|1.6|49.8|11.6|10.8|24.8|3.6|10.3
144902|17-18|7.6|15.3|71.5|0.5|0.1|0.1|4.9|8.5|42.2|1.8|1|34.2|11.2|1.6|31.8|5.1|9.3
144903|17-18|36.1|34.9|24.1|0.6|0|0|4.2|7.8|81.3|10.8|0|59|21.1|12.7|37.3|5.4|16.9
145901|17-18|3.9|42.6|50.4|0|1|0|2.1|6.3|49.3|15.6|0.7|47.5|13|15.6|27.4|6|7.8
145902|17-18|10|11.4|77.3|0.6|0.1|0|0.6|5.1|48.6|2.6|0.3|37.5|13.2|2.6|34|2.3|7.2
145906|17-18|7.2|15.9|72.7|0.8|1.1|0|2.1|8.7|47.3|4.1|1.3|35|18.1|4.1|39.7|7.4|7.6
145907|17-18|20|14|60.5|0|0|0.5|5|8|89|0.5|0|22.5|20.5|0.5|39.5|4|8
145911|17-18|0.8|31.5|63.6|0.1|2.6|0|1.3|7|50.5|15.5|0.7|42|15|15|29.1|9.2|8.7
146901|17-18|6.7|68.2|22.6|0.5|0.4|0.1|1.5|8.9|78.7|38.1|2.7|69.2|25.3|36.6|30.3|3|7.2
146902|17-18|7.5|42.1|47.1|1.1|0.5|0.1|1.6|7.6|69.5|19.5|3.7|64.8|16.8|17.3|25.6|3.6|9.3
146903|17-18|4|29.1|65.1|0|0.6|0.6|0.6|0|48|15.4|0.5|28|5.4|15.4|0|8.6|6.3
146904|17-18|3.3|12.6|80.4|1|0.3|0|2.5|5.8|51.6|2|0.7|46.5|16|2|23.1|2.8|6.9
146905|17-18|7.1|9.2|80.9|0.4|0|0|2.3|9.2|79.9|2.9|0.2|60.6|26.4|2.9|32.5|4.8|9.2
146906|17-18|16.1|38.8|41.5|0|1|0|2.7|8.6|53.1|17.1|1.9|52.4|13.8|14.4|27.5|9.2|10.4
146907|17-18|0.8|10.6|86|0.3|0.2|0.2|2|8.3|43.9|2.9|2.8|44.5|13.4|2.9|27.8|4.8|10.3
147901|17-18|18.4|52.8|25.6|0|0|0|3.2|9.1|79.6|13.9|0.3|29.8|16|13.9|27.5|1|14.9
147902|17-18|12.2|26.4|56.4|0.2|0.9|0.1|3.8|6.1|70.5|4.7|1|56.5|13.7|4.7|26.5|1.8|10.9
147903|17-18|27|45|23.3|0.3|1.2|0|3.2|7.9|78.3|17.8|2|66.8|11.5|17.5|28.6|3.1|11
148901|17-18|0|73.8|25.2|0.5|0|0|0.5|5.1|63.5|28|1|54.8|9.4|28|22.6|4.4|9.3
148902|17-18|0|31.5|63|2.1|0.7|0|2.7|5.5|47.9|11|0|28.1|9.7|11|20.5|1.4|8.2
148903|17-18|1.6|24.6|72.1|0|0.8|0|0.8|6.6|69.7|5.7|0|48.4|15.4|5.7|23|2.5|14.8
148905|17-18|0|45.7|44.8|0.9|0|0|8.6|3.4|70.7|2.6|0|56.9|10.3|2.6|32.8|2.6|9.5
149901|17-18|0.5|57.7|39.9|0.3|0.4|0|1.3|8.3|62.1|2.7|2|24.3|16.5|2.6|32|9.7|9.5
149902|17-18|0.6|57.3|41.1|0|0.1|0.1|0.7|6.9|60.9|4.9|1.2|39.9|14|4.9|37.4|8|10.2
150901|17-18|0.9|25|70.6|0.3|0.7|0|2.5|8.6|60|6|3.4|40.1|15|5.9|33.4|5.3|10.9
152802|17-18|68.7|27|2|0|0|0|2.3|0|85.3|0|0|20.2|6.4|0|0|0|13.7
152803|17-18|8.1|81.3|10.6|0|0|0|0|14.6|92.4|1|0|96|70.6|1|70.7|0|12.1
152901|17-18|13.6|58.8|23.3|0.3|2|0.1|2|7.6|64.8|4.4|2.5|48.3|22.2|5.2|30.3|5.3|10.6
152902|17-18|1.7|48.9|46.4|0|0|0|2.9|7.7|61.3|2.4|1.2|56.9|15.4|2.4|31.3|5.5|6.8
152903|17-18|5|65.7|27.8|0.1|0.2|0|1.2|8.2|80.9|4|1.1|46|17.5|3.9|40.4|7.8|12.9
152906|17-18|2.6|35.1|58.1|0.2|1.7|0|2.3|6.9|32.7|2.6|1.3|36|12.5|2.9|20.5|4|8.3
152907|17-18|3.4|42.9|47.4|0.3|2.9|0.1|3.1|7.7|36.2|3.7|1.6|32.1|14.3|3.8|28.2|8.3|8.6
152908|17-18|3.4|57.5|36.7|0.5|0|0.1|1.8|8.5|77.3|2.8|3|50.1|23.5|2.8|33.7|2.8|10.9
152909|17-18|0.5|31.1|66.6|0.4|0.1|0|1.2|6.9|38.9|2.6|0.8|39.6|12.3|2.6|26.9|7.2|7.2
152910|17-18|0.3|41.1|57.9|0.2|0|0|0.5|7.8|35.2|1.8|1.1|36.7|7.8|1.7|27.7|5.3|8.4
153903|17-18|1.6|67.7|30.4|0.3|0|0|0|9.3|79.2|5.6|0|56.5|14.3|5.6|27.3|8.1|11.5
153904|17-18|2.7|63.7|30.6|0.5|0.6|0|1.8|6.9|65.6|2.4|0.2|27.1|11.3|2.4|31.6|8.5|6.6
153905|17-18|0.4|25.3|73.3|0|0|0|0.9|6.7|23.8|3.1|0|15.5|5.9|3.1|18.8|0|6.5
153907|17-18|2.3|74.2|22.7|0|0|0|0.8|10.9|88.3|12.5|2.7|69.5|25.4|11.7|39.8|6.3|11.7
154901|17-18|19.5|34.6|42.3|0.1|0.5|0|3.1|6.8|70.2|15.2|1.1|35|11.6|15.1|29.4|1.4|7.9
154903|17-18|0.3|17.1|78.9|0|2.3|0|1.4|9.1|63.8|2.6|0.2|38.2|18.5|2.6|41.9|5.4|6.6
155901|17-18|34.9|5.7|55.3|0.5|0.5|0|3.1|7.7|74.3|1|3.1|47.3|16.1|1|34|8.2|10.5
156902|17-18|0.7|68.9|29.3|0.1|0.1|0|0.9|7|56.8|6.8|0.4|44.9|14.4|6.7|24.4|5.9|7.3
156905|17-18|0|36.9|61.5|0|1.2|0|0.4|8.7|29|3.6|0.4|30.6|6|3.6|18.3|6.7|5.6
157901|17-18|0.1|35|63.7|0|0.8|0|0.3|6.3|46.3|6.9|3.3|31.7|9.6|6.9|27.2|15|7.2
158901|17-18|14.6|64|18.6|0.2|0.8|0|1.7|7.9|72.4|14.3|3.4|62.5|16.9|12.3|26|2.3|8.1
158902|17-18|3.1|53.6|41.2|0|0|0|2.1|8.9|67|9|1.6|34.9|15|8.8|44.2|7.5|6.6
158904|17-18|0|41.1|55.7|0|0|0|3.2|0|21.5|7.6|0|13.3|12.7|7.6|0|3.8|7
158905|17-18|1.9|66.6|22.3|0|7.2|0|1.9|7|59.3|15|1.2|44.5|10.5|15|34.6|5.4|10.3
158906|17-18|9.7|30|55.8|0.1|0.3|0.1|4.1|8|59|1.7|1.5|46.8|15.3|1.7|32.1|8|9
159901|17-18|0.1|97.2|0.8|1.6|0.2|0|0.1|8.4|76.4|33.3|1|61.9|13.7|32|25.4|6.9|9.2
160901|17-18|1.4|45.9|50|0.1|1|0|1.5|8.7|67.3|4.2|2|46.1|17.3|3.9|25.8|3.2|13.2
160904|17-18|0|22.2|76.8|0|0|0|1.1|7|50.8|0|0|48.1|20.6|0|25.9|2.7|16.2
160905|17-18|0|51.4|46.7|1.9|0|0|0|7.5|85|0.9|0.9|28|28.6|0.9|26.2|0.9|11.2
161801|17-18|23.7|73.5|1.9|0|0.5|0|0.5|0|100|21.9|0|32.1|9.4|21.9|0|2.8|6
161802|17-18|32.5|42.4|22.5|0.1|0.7|0|1.7|5.1|69.1|7.5|0|61.5|16.6|7.5|21.1|0|7.7
161807|17-18|20.5|38.8|27.3|0.5|10.8|0.1|2|8.1|57.2|25.7|0|49|13.2|24.8|29|10.3|7.4
161901|17-18|1.5|6.4|90.1|0.2|0.7|0.2|0.9|7.9|20.2|0.6|0.7|26.2|7.2|0.6|31.2|4.2|9
161903|17-18|11.9|23.3|57.4|0.2|4.6|0.2|2.4|8.1|32.2|3.4|1|28.2|10|3.3|32.3|12.3|8
161906|17-18|27.5|54.5|15.2|0.1|0|0|2.6|8.6|92.5|21.3|2.9|54.7|13.4|20.9|27.2|2.2|7.5
161907|17-18|1.3|15.7|78.8|0.4|0.5|0|3.5|8.1|25.4|1.8|1|29.8|6.4|1.8|30.2|10.4|8.4
161908|17-18|26.4|20.2|45.7|0|0.4|0|7.3|9.4|75.9|4.2|0.9|50.3|18|4.2|31.4|7.5|13.9
161909|17-18|5.7|51.8|39.4|0.8|0.3|0.3|1.6|8.2|60.4|11.9|1.2|46.7|8.9|11.3|25.6|7.3|7
161910|17-18|5.6|29.5|60.2|0.3|0|0|4.3|5.9|63.1|7.3|1.8|49.4|12.2|7.2|28.1|3.6|9.5
161912|17-18|2.9|23.3|70.7|0.5|0.3|0|2.3|9.8|42|0.6|1.5|32.6|8.5|0.6|41.4|12.4|9.9
161914|17-18|28.5|60.4|8.8|0.1|0.3|0|1.8|8.8|87.3|18.2|4.1|70.8|27|18.1|25.2|9.5|7.5
161916|17-18|2.9|18.9|75.8|0.1|0|0.1|2.3|10|42.4|2.9|1.3|33|12.6|2.9|45.8|4.8|8.1
161918|17-18|3.1|19.6|75|0.2|0.4|0|1.7|11.6|55.9|1.4|0.9|44.2|32.8|1.2|31.9|4.4|14.8
161919|17-18|1.3|30.6|65.3|0.4|0.3|0|2|8.4|57.8|3.2|1.4|37.7|17.6|3|31.5|11.2|11.3
161920|17-18|4.7|17.2|73.7|0.1|1.4|0.1|2.8|7.8|25.6|1.5|1.5|21.8|13.4|1.5|27.4|10|9.8
161921|17-18|33.4|33.6|27.5|0.4|0.4|0|4.7|7.4|79.9|10.4|3.4|58.4|16.2|10.4|27.1|5.2|7.5
161922|17-18|3.6|27.2|64.7|0.3|0.6|0|3.7|7.7|32.2|1.8|0.9|40|10.1|1.7|34.5|4|8.9
161923|17-18|4.5|23.4|68.2|0|0.3|0.4|3.2|9.3|38.3|3.1|2.2|19|7|3.1|30|10|11.3
161924|17-18|3.5|18|76.7|0|0|0|1.7|0|52.9|4.7|0|40.1|5.9|4.7|0|5.2|8.1
161925|17-18|2.4|28.6|67.8|0|0|0|1.2|6.7|72.9|2.4|0.7|18.4|12.8|2.4|34.5|1.6|9
162904|17-18|0|37.4|59.9|0.4|1.6|0|0.8|5.8|21.8|0.8|0.7|12.8|7.1|0.8|35.4|7.4|5.4
163901|17-18|0.3|62.9|35.6|0|0.1|0.1|0.9|8.2|54.8|4|1.1|42.8|11.3|3.8|31.3|5.7|11.8
163902|17-18|0|51.1|47.6|0|0.3|0|1.1|8.2|60.8|0.5|0.3|33.4|6|0.5|32.6|11.1|10.8
163903|17-18|0.4|81.1|17.1|0.1|0.1|0.3|1|7.4|80.3|7.1|1.2|63.7|14.6|6.4|30.3|6|9.7
163904|17-18|0.8|72.6|25.6|0.1|0.3|0.1|0.7|8.8|60.8|2.9|1.2|49.5|10.5|2.8|28.5|7.7|9.3
163908|17-18|3.5|58.2|34.3|0.6|0.6|0.2|2.7|7.4|52.3|5.6|1.4|24.6|14|5.2|31.2|5.4|9.9
164901|17-18|1|49.2|48.9|0|0|0|1|6.4|72.5|6.1|0.3|59.1|13.3|5.8|25.2|2.9|9.3
165802|17-18|6.8|67.3|23.5|0.7|0.7|0|1|0|47.7|4.4|0|39.5|5|4.4|4.4|4.8|3.1
165901|17-18|7.7|62.1|25.8|0.2|2.4|0.1|1.7|8|47.1|12.1|2.4|51.2|19.3|11.4|25.1|4.7|6.8
165902|17-18|0.6|47.8|50|0.3|0.1|0|1.2|7.8|39|8.2|0.8|50.7|13|7.9|28.7|4.9|5.9
166901|17-18|16.4|47.6|33.5|0|0.3|0|2.2|7.8|71.8|9.6|0.3|46.7|9.1|9.6|25.9|4|8.9
166902|17-18|10.9|34.8|50.5|0|2.2|0|1.6|0|63|11.4|1.1|40.8|11.3|10.9|0|6.5|9.2
166903|17-18|4.9|26.5|65.3|0.2|0.7|0.4|2|11.7|58.1|6|0.7|43.5|8.9|6|54.3|6.6|9.3
166904|17-18|9.4|48.4|39.3|0.3|0.5|0.1|2|8.8|67.8|6.2|2.4|52|13.9|6.2|26.1|5|9.3
166905|17-18|1.2|24.2|72.3|0|0|0|2.3|9.5|45.9|7.4|1.3|41.3|10.2|7.4|53.9|7.8|7.2
166907|17-18|0|57.2|41.4|0|0|0|1.4|6.2|71|2.1|0.6|35.9|22.6|2.1|37.9|8.3|12.4
167901|17-18|0.2|26.4|72.2|0.2|0.7|0|0.3|6.1|48.6|4.5|0.2|34.4|12.4|4.4|38.1|7|10
167902|17-18|24.3|27.9|45|0.3|0.3|0|2.1|22.8|93.1|3|0|79.9|70.1|3|24.6|0.9|28.2
167904|17-18|0.9|27|67.6|0|0|0|4.5|6.3|73|0|0|26.1|12.3|0|45|4.5|13.5
168901|17-18|8.6|48.7|39.6|0.2|0.9|0|1.9|7|57|3.6|0.6|65.3|19.3|3.6|23.7|4.8|9.8
168902|17-18|6.9|54.1|36.5|1.3|0|0|1.3|6.9|74.8|1.3|0|25.2|30.3|1.3|45.9|0.6|10.1
168903|17-18|1.2|34.3|62.5|1.2|0|0|0.8|8|36.7|0|0|48.6|13.2|0|37.5|8.4|12
169901|17-18|0.4|16.9|77.8|0.5|0.6|0|3.7|8.2|53.8|5.7|1.7|47.3|13.7|5.6|43.9|6.7|10.8
169902|17-18|1|30|64.1|0.6|0.3|0|4|7.8|61.9|11.8|0.4|50.3|13.5|11.8|28.8|4.6|12.6
169906|17-18|4.6|11.9|77.1|0.9|0|0|5.5|4.6|56.9|4.6|2.1|36.7|23.1|4.6|35.8|7.3|8.3
169908|17-18|0|6.3|91.2|0|0|0|2.5|0|43.4|0|0|29.6|14.4|0|0|1.9|6.9
169909|17-18|0|12.6|83.4|0|0|0|4|8.6|61.6|0|1.8|43|19|0|32.5|6.6|13.9
169910|17-18|0|12.8|85.6|0|0|1.1|0.5|6.4|43.6|0|0|3.2|17.9|0|38.3|0|16
169911|17-18|0|11|85.1|1.1|0.4|0|2.5|7.8|52.1|0.4|0|30.5|14|0.4|42.2|6.7|12.4
170801|17-18|54.9|43.3|0.4|0.2|0|0|1.2|0|95|23.3|0|44.1|29.6|22.1|0|0|5.2
170902|17-18|7.6|36|48.2|0.6|4.5|0.2|2.9|7.8|37.2|14|1|36.8|13|13.4|23.8|7.5|7.8
170903|17-18|2.8|15.4|77.4|0.5|1|0.1|2.8|8.3|23.4|2.5|0.9|31.6|10.1|3.8|28.9|7.1|6.7
170904|17-18|7.3|35.9|52.6|0.3|0.6|0.1|3.2|7.7|57.5|15|1.5|47|17.1|14.1|20.6|4.9|8.4
170906|17-18|2.3|34.1|60|0.5|1|0.1|2|8.6|44.2|13.2|1.6|41|12.9|12.3|29.1|5|8.5
170907|17-18|0.4|38.8|58.6|0.2|0.2|0|1.7|8.2|55.4|15.5|1.7|57.1|14.1|14.9|25.4|5.1|9.3
170908|17-18|3.7|58.2|33.7|0.2|1.9|0.2|2|8.5|62.3|29.1|1.7|60.7|17.3|33.9|30.4|7.7|8.4
171901|17-18|2|72.7|16.9|0.6|6.9|0|0.8|7.2|65.9|29.1|2.5|60.8|14.3|29.1|21.3|4.9|9.1
171902|17-18|0.4|59.2|39.3|0.4|0.2|0|0.5|8.9|55.3|16.5|0.2|35.5|5.6|16.1|35.5|6.3|9.1
172902|17-18|38.2|19|35.6|0.2|0.8|0|6.3|8.6|82.1|10.1|3.3|49.5|18|10.1|27.5|3|15.9
172905|17-18|15.5|13|65.4|0.3|0.1|0|5.6|6.4|66.7|6.4|1.2|44.1|12.5|6.4|32|2.6|13.4
173901|17-18|0.6|27.3|69.8|0|0|0|2.3|6.4|76.2|0.6|0|27.9|12.3|0.6|33.1|11.6|9.3
174801|17-18|5.9|11.8|72.9|0|5.5|0|3.9|0|8.6|2.7|0|40.8|2.8|2.7|0|0|5.1
174901|17-18|6.1|15.5|73.9|0|0|0|4.6|5.8|65|8.9|0.5|19.3|7.3|8.6|25.4|7.1|11.4
174902|17-18|7|13.3|73.1|0.9|0.5|0.4|4.8|7.9|58|4.5|0.2|43.6|15.6|4.5|29.8|4.1|10.4
174903|17-18|17.6|11.4|66.5|0.1|1.5|0|2.9|7|46.8|2.2|0.9|32.8|12.9|2.2|32.4|4.7|8.5
174904|17-18|30|47|19.8|0.1|1.3|0|1.7|7.5|80.1|28.5|2.2|70.5|16.1|30.5|20.9|6|8.9
174906|17-18|0.8|22.9|73.4|0|0.7|0|2.3|6.6|57.6|7.9|1.2|34.7|11|7.2|31.1|5.4|6.8
174908|17-18|4|17.7|73.8|0.3|1.2|0|3|8.9|27.1|4.8|1.3|22.9|7.8|4.8|26.7|6.2|6.7
174909|17-18|5.3|15.3|73.4|0|0|0|6|9.3|51.6|5.3|1|43.9|9.6|5.3|35.6|7.3|11.3
174910|17-18|0|2.7|93.2|0.7|0|0|3.4|0|78.4|0|0|56.1|31|0|0|6.1|17.6
174911|17-18|5|14.2|74.3|1.3|0.8|0|4.4|7.9|41.2|5.4|0.4|32.4|7.9|4.8|49.6|5.2|9.2
175902|17-18|3.1|28.8|62.4|0.2|0.2|0|5.3|8.6|56.1|11.2|1.4|49.7|14.6|10.4|29.7|7.3|8.2
175903|17-18|16.4|50.1|27|0.2|0.7|2.9|2.7|7.6|75.4|21.7|1.5|54.4|13.1|24.6|30|7.8|9.6
175904|17-18|8.2|18.9|70|0.8|0.2|0|1.9|8.8|70.4|5.8|1.5|36.6|17.9|5.8|26.5|10.3|9.5
175905|17-18|1.9|33.5|61.7|0|0|0|2.9|6.6|50.7|14.3|1.2|51.9|16.3|14.3|29.9|8.5|7.3
175907|17-18|25.7|23.8|45.4|0.2|0.2|0|4.7|9.1|77.7|4.6|1.6|50.5|16.3|4.6|47.6|6.3|10
175910|17-18|1.6|15.8|77.7|0.3|0.7|0.8|3.1|7.3|39.2|3.7|1.3|32.6|11.5|3.1|41.7|7.7|7.3
175911|17-18|2.7|63.8|32|0.1|0|0|1.3|9.4|72.7|20.2|1.2|42.4|11.1|19.9|26.7|5.6|6
176901|17-18|28.4|0.4|70|0|0|0|1.2|8.2|94.9|0.4|2.2|35.8|22.8|0.4|28.8|3.5|9.7
176902|17-18|36.6|5|52.3|0.3|0.7|0|5.1|6.9|77.4|0|2.5|46|15.8|0|31.9|6.9|12.9
176903|17-18|1.4|3.8|92.5|1.4|0|0|0.9|9.5|68.2|0|1.7|47.9|13.7|0|36.8|4.5|14.9
177901|17-18|2.1|50.9|44.7|0.2|0|0|2.1|5|46|8.2|0.3|38.4|12.1|8.2|42.2|4.4|5.5
177902|17-18|7.2|54.3|35.5|0.1|0.5|0|2.4|7.8|69.4|2.1|2.1|46.7|17.2|2.1|23.8|5.1|14.6
177903|17-18|0.6|18.5|78.3|1.3|0|0|1.3|11.5|41.4|1.3|0|10.8|20.9|1.3|46.5|9.6|8.9
177905|17-18|0.9|19.8|78.4|0|0.4|0|0.4|8.6|35.3|0|0|37.1|11.9|0|33.6|8.2|6.9
178801|17-18|4.7|92.4|2.3|0|0.6|0|0|2.9|95.9|19.9|0|80.7|29.5|19.9|10.5|0|1.8
178807|17-18|4.1|65.5|22.1|0.7|3.4|0|4.1|0|17.2|2.8|0|4.1|11.8|2.8|0|0|8.3
178808|17-18|0.2|21.7|73.6|0.2|1.4|0|2.9|0|1.8|1.8|0|20.7|13.1|1.8|2.5|9.2|8.2
178901|17-18|0.9|80.1|17.9|0|0.6|0|0.6|10.1|80.1|0.9|1.6|51.5|12.4|0.9|36|0.6|6.8
178902|17-18|1.1|85|13|0.2|0.5|0.1|0.2|10|73.9|4.3|1.8|42.1|13.5|4.2|33.2|6.1|12.7
178903|17-18|1.4|59.6|36.6|0.2|0.8|0|1.3|8.4|54.5|3.5|2|33.4|12.9|3.3|26.8|7.2|10.8
178904|17-18|3.8|79.5|13.7|0.2|2|0.1|0.7|8|77|6.1|2.3|54.9|23.2|5.7|20.4|2.9|8.7
178905|17-18|0.9|89.6|9.1|0|0|0|0.3|0|83.3|1.9|0|31.8|19|1.9|0|9.7|7.5
178906|17-18|1.1|49.2|44.6|0.2|3.5|0.1|1.4|7.2|22.4|0.9|0.1|9.3|7.1|0.9|27.8|12.9|5.3
178908|17-18|0.2|15.9|77.2|0.5|1.8|0|4.4|8.5|79.5|0.5|1.8|71.7|19.3|0.5|24.4|6.4|7.1
178909|17-18|0.5|97.5|1.9|0|0|0|0|7.4|92.5|3.8|2.4|57.6|16.9|3.3|30.8|8.7|10.3
178912|17-18|1.1|79.1|18.5|0.1|0.3|0.1|0.7|8|67.6|6.3|1.3|33.8|13.4|5.5|25.9|5.7|9.1
178913|17-18|0.5|83|16.5|0|0|0|0|6.8|83.3|2.9|0.7|40.1|11.9|2.5|27.4|7.5|10.8
178914|17-18|3.1|43.9|45.3|0.1|1.6|0.2|5.7|9.8|54|2.9|3.8|44|13.7|2.9|28.7|11.4|10.2
178915|17-18|9|87.6|2.8|0|0|0|0.5|7.9|92.8|6.8|2.9|67|15.4|5.7|35.3|5.2|11.1
179901|17-18|0.3|72.3|25.9|0.1|0.2|0.1|1|7.8|58.2|28.9|1.2|54.8|11.2|28.3|29.1|2|7.2
180901|17-18|9|19.9|63.8|0.3|0.3|0|6.6|14.3|79.1|0.7|4.7|79.1|32.7|0.7|49.8|5.3|17.6
180902|17-18|0|20.1|75.9|0.8|1.1|0|2.2|7.9|28.2|2.7|0|18.7|10.3|2.7|34.4|4.6|6
180903|17-18|0|55|40.8|0|0|0|4.2|11.7|58.3|3.3|3.5|40.8|8|3.3|60.8|6.7|10
180904|17-18|0|16.4|79.5|0|0|0|4.1|10.3|20.5|0|0|28.8|8.7|0|24|0.7|6.2
181901|17-18|1.2|16.5|77|0.3|3.1|0|1.9|7.3|46.8|4.7|0.8|34.3|11.4|4.4|27.8|3|6.8
181905|17-18|0.5|8.5|86.5|0.5|1.7|0|2.2|8|71|1.7|0.8|73.4|8.8|1.7|26.2|3.9|8.6
181906|17-18|58.1|16.9|17.5|0.4|1.2|0.2|5.8|7.4|88.7|7.2|1.6|57.1|18.9|6.9|25.6|3.7|10.5
181907|17-18|0.4|7.1|89.8|0.3|0.7|0|1.6|7.5|70.7|1.4|2.1|62.2|16.6|1.4|33.8|4.4|11.9
181908|17-18|6.5|10.5|78.2|0.3|1.4|0.1|3.1|8.3|59.5|1.9|0.5|49.7|14.4|1.9|29.5|3.4|12.2
182901|17-18|0.6|18.2|78.5|0|0.6|0|2.2|3.3|58|0.6|0.9|44.2|8.2|0|42|1.7|7.7
182902|17-18|0|15.1|83.5|0|0.6|0|0.9|5.4|60.8|4.3|0.5|38.4|18.6|4.3|26.1|13.1|6.5
182903|17-18|3.2|40.3|52.6|0.5|0.4|0|3|7.5|72.4|10.6|2.2|68.6|16.2|9.3|29.6|5|8.9
182904|17-18|0.2|19.1|78.5|0.2|0.2|0|1.8|10.5|48.8|3.5|0|39.6|10.3|3.5|35.2|10.8|7.3
182905|17-18|0.6|40.3|52.8|0.6|0|0|5.7|4.5|61.4|11.9|0.5|45.5|14.5|11.9|28.4|6.3|9.7
182906|17-18|1.8|17|79.5|0|0|0|1.8|0|66.1|3.6|0|44.6|18.1|3.6|0|3.6|6.3
183801|17-18|6.8|6.1|81.6|1.4|0.7|0|3.4|23.8|42.9|0|0|34|30.9|0|85.7|15.6|2
183901|17-18|6.9|10.3|80.4|0.2|0.2|0.2|2|9.2|36|2.6|0.1|37.9|7|2.6|34.4|1.2|10.3
183902|17-18|21.7|19.2|55.8|0.1|0.7|0|2.4|7.4|54.2|9.1|1.3|52.7|10.2|9.1|31.6|5.6|11.6
183904|17-18|0.2|6.4|91.3|0.4|0.2|0|1.5|8.1|49|3.2|0.9|16.6|11.9|3.2|29.3|4.9|10.8
184801|17-18|0.9|14.7|80.7|0|0|0|3.7|20.2|54.1|0|0|82.6|43.1|0|99.1|0|9.2
184901|17-18|0.2|17.6|80.5|0.4|0.2|0|1.2|8.1|53.3|7.3|2.1|36.7|16.9|7.3|29.9|6.6|11.4
184902|17-18|1|18.7|77|0.6|0.4|0|2.3|7.9|51.5|5.5|1.1|49.2|16.4|5.3|28.6|4.3|8.2
184903|17-18|2.5|25.8|67.2|0.7|0.7|0.1|3.2|8|41.1|7.7|2.1|44.2|14.7|7.6|32.5|8.4|9.2
184904|17-18|0.4|14.2|82.6|0.4|0.4|0.2|1.8|7.6|37|2.4|0.9|37.9|14|2.3|30.9|4.8|9.6
184907|17-18|1.5|13.9|80.3|0.4|0.7|0.1|3.1|8.3|12.1|2.7|0.8|18.6|8.3|2.7|23.1|6.8|7.4
184908|17-18|0.7|13.5|84.1|0.4|0.1|0.1|1.1|7.6|33.3|3.3|0.2|23.7|11.6|3.2|29.4|6.9|8
184909|17-18|1|8.8|87.2|0.4|0.3|0|2.3|8.4|9.5|1.7|0.1|21.2|9.1|1.7|35.3|6.6|6.8
184911|17-18|0|20.9|75|0|0|0|4.1|0|45.4|4.6|0|37.2|13|4.6|8.7|13.3|9.7
185901|17-18|0|94.5|4.9|0|0|0|0.6|7.3|86.5|25.1|0.7|69.4|16.3|25.1|23.1|3.3|6.9
185902|17-18|0.2|54|45.6|0|0|0|0.2|8.9|62|16.5|0|50.6|9|15.2|28|6.1|10.4
185903|17-18|0.7|87.5|10.9|0.1|0.5|0|0.3|5.5|76.4|26.1|1.1|54.1|12.9|24.2|23.6|4.7|8.9
185904|17-18|0.5|34.3|63.2|1.5|0|0|0.5|4|69.7|14.9|0|52.2|17.7|14.4|20.4|4|10
186901|17-18|2|74.2|23|0.4|0.4|0|0|5.3|43.4|8.6|0|13.5|13.2|8.6|41.8|4.1|4.1
186902|17-18|1|85.8|11.9|0.3|0.4|0|0.6|7.4|66.4|8.7|0.2|58.5|11.7|8.4|31.8|2.7|6.1
186903|17-18|3.6|62.5|31.9|0.6|0.2|0.6|0.6|9.3|53.4|10.1|0.6|57.7|39.2|10.1|27.6|3.6|10.7
187901|17-18|0.6|9.3|68.8|18.7|0.6|0|2|8.3|62.3|0|0.7|37.5|9.7|0|45.4|11|10.3
187903|17-18|14.9|45.6|36.5|0|0|0|2.9|9.5|86.3|17.8|0.7|46.9|21.3|17.8|40.7|0.8|7.9
187904|17-18|26.7|37.4|33.5|0.1|0.3|0|1.9|9|81.6|13.6|1.8|56.3|15.9|12.8|30.9|5.6|9.2
187906|17-18|20.1|24.6|51.4|0.6|0|0|3.4|7.8|84.9|3.9|0|60.3|27.2|3.9|40.2|6.1|9.5
187907|17-18|10|23.2|63|0.3|0.7|0|2.7|8|76.2|8|2|44.3|19.2|7.8|29|3.9|9.9
187910|17-18|1.7|8.5|86.2|0.8|0.5|0|2.3|7.2|71.4|0.8|0.2|25.9|23.4|0.8|30.5|3.8|11.4
188901|17-18|10.7|45.6|34.6|0.4|5.6|0.1|2.9|7.2|68.4|15.5|1.5|55|14.8|15.6|27.1|5.8|10.5
188902|17-18|1.9|25.4|68.6|0.5|0.2|0.1|3.3|9|61.7|2.6|2.1|48.9|15.3|2.3|32.8|3.9|11.2
188903|17-18|3.1|39.6|44.9|0.9|8.5|0.1|2.8|7.1|58.9|7.3|1.1|40|14.1|7.2|35.6|2.8|12.3
188904|17-18|0.8|15.3|80.7|0.5|0.4|0|2.3|8.1|15.5|0.7|0.9|27.2|5.8|0.6|43.3|8.1|11.4
189901|17-18|2.1|83|14.3|0|0.3|0|0.3|8.3|74.1|24.1|0|50.6|12.5|16.4|19.3|2.4|7.1
189902|17-18|0|97.6|0.9|0.1|1.4|0|0.1|11.7|93.9|53.6|2.6|64.8|11.1|53.4|28.5|8.5|6.8
190903|17-18|2.4|16.9|76.7|0.8|0.4|0.1|2.8|7.6|61.5|6.5|2.5|57.5|15.6|6.3|25.2|7.7|11.6
191901|17-18|2.5|24.7|68.8|0.6|1.3|0.1|1.9|7.7|29.3|1.6|1.7|26.7|13.5|1.6|24.5|3.3|11.2
192901|17-18|0.9|80|16.6|0.2|0.7|0.1|1.4|8.7|63.6|13.2|0.2|65.5|12|13.1|21.8|3.6|6.1
193801|17-18|5.6|50.2|41.2|0|0|0.4|2.6|8.6|88.8|1.7|2.2|82.8|55.5|1.7|34.3|0.4|42.5
193902|17-18|0.3|34.3|62.1|0|0|0|3.2|4.5|58.3|5.5|0|38.2|12.8|5.5|22|6.5|13.3
194902|17-18|1.4|10.9|79.3|2|0|0|6.4|7.5|56.7|3.6|0.3|35.8|10.1|3.4|29.1|6.7|11.2
194903|17-18|4|14.1|76.3|0.3|0.1|0|5.1|7.8|57.1|4.8|0.8|45.2|12.1|4.8|28.3|11.5|9.5
194904|17-18|51|25|17.9|0.2|0|0|5.9|6.5|85.4|9.8|2.1|62.7|17.2|9.6|25.1|9.8|9.4
194905|17-18|9.2|4|82.6|0|0.2|0|4|6.9|64.8|0.4|0.5|36.2|9|0.4|34.3|6.7|10.2
195901|17-18|0.8|90.4|7.5|0.2|1|0|0.2|7.4|63.5|11.6|1.1|42.9|12.3|10.6|37|5.1|10
195902|17-18|0|86.9|11.4|0|0.6|0|1.1|11.4|88.6|7.4|0|59.1|16|7.4|38.1|0.6|9.7
196901|17-18|0.7|76.9|21.6|0|0|0|0.7|6.7|59|1.5|0|45.5|14.4|2.2|33.6|10.4|19.4
196902|17-18|3.6|50.9|43.5|0|0.4|0|1.6|5.8|74.6|0|0.6|55.8|10.5|0|35|12.5|12.5
196903|17-18|10.9|65.4|22.1|0.1|0.1|0|1.3|7.2|71|4.3|1.8|57.1|9.8|4.3|25.5|2.4|9
197902|17-18|0|15.5|83.6|0.5|0|0|0.5|7.3|21|0.5|0|11.9|11|0.5|26|11|4.6
198901|17-18|12.4|15.2|67.7|0|1|0|3.7|6.9|56|3.7|1.7|46.4|13.3|3.7|34.1|7.5|10.7
198902|17-18|73.2|13.4|11.6|0|0.6|0|1.2|6.7|67.1|0.6|0|16.5|19.3|0.6|40.9|5.5|14.6
198903|17-18|6.9|17.4|72.3|0.2|1.4|0|1.9|7.5|36.7|3|1.5|27.9|9.9|3|32.3|6.9|10.6
198905|17-18|48.6|40.3|9.4|0.2|0|0.1|1.4|6|95.9|17.2|2.4|63.3|18.6|16.7|24.5|2.9|15.1
198906|17-18|5.4|54.1|37.3|0|1|0|2.3|6.3|71.3|12.7|0|28.4|4.1|12.5|15.7|13.5|8.3
199901|17-18|8.1|21.9|62.2|0.8|2.9|0.2|3.9|8.3|24.1|7.3|1|35.8|8.5|7.3|26.7|6.9|9.6
199902|17-18|6.6|32.1|56.7|0.5|1|0.1|3.1|9.2|35|10.4|1.2|34.7|11.2|10.1|29.7|9.2|10.2
200901|17-18|1.2|46.6|50.2|0|0.4|0|1.6|7.7|56|1.1|0.9|52.4|11.4|1.1|27.3|6.9|9.1
200902|17-18|0.2|39.3|60|0|0.2|0|0.2|7.2|35.1|6.3|0.6|44.7|9.6|6.3|29.7|5.2|6.3
200904|17-18|1.1|61.3|35|0|0.6|0|2|9.2|69.2|3.7|1.9|54.7|13.7|3.5|33|12.7|9.6
200906|17-18|2.9|41.2|52|0|2|0|2|7.8|69.6|3.9|0|45.1|31.8|3.9|12.7|3.9|7.8
201902|17-18|19|30.1|47.1|0.5|0.7|0.1|2.6|7.1|64.4|13.2|1|58.4|9.8|12.7|25.9|5.1|8.4
201903|17-18|50|26.9|19.8|0|0|0|3.3|7.7|87.4|9.3|0|72.5|12.3|9.3|32.4|5.5|9.9
201904|17-18|6.6|42.5|47.1|0.4|0|0|3.5|7.3|78.8|22.8|0.7|52.5|12.8|22.8|22.8|1.5|10
201907|17-18|10.7|10|75.7|0.7|0.5|0|2.4|7.8|58.5|4.4|0|53.9|17.2|4.4|28.2|9.2|12.1
201908|17-18|13.4|9|71.4|0.8|0.6|0|5|7.1|63.9|0.8|0.5|33|18.4|0.8|23.9|10.7|9.9
201910|17-18|21|29.9|45.6|0.4|0.3|0|2.8|8.1|51.4|12.5|2|33.2|10.5|11|43|8.7|7.7
201913|17-18|3.6|52.7|41|1.3|0|0|1.4|8.6|71|32.5|0.1|55.3|10.3|18.8|23.9|5.3|8.2
201914|17-18|13.2|25.5|56.6|1.4|0.2|0.1|3.1|7.1|73.4|11.8|0.8|54.6|17.3|11.3|30.8|5.5|10
202903|17-18|11|8.1|73|0.7|0.3|0.1|6.7|9.4|63.3|1.6|0.4|46.9|15.3|1.6|30.1|6.6|10.4
202905|17-18|8.6|3.9|83.9|0.6|0.2|0|2.9|6.9|78.6|0.5|0.7|48|13.1|0.5|29.3|8.6|9.9
203901|17-18|53|19.4|23|0|0.5|0|4.1|7.5|87.8|9.8|1.7|70.1|12|9.3|37.1|3.4|12.3
203902|17-18|2|9.3|85.3|0.2|0|0|3.2|5.9|78.2|4.2|0|33.5|25.5|4.2|27.6|8.3|10.8
204901|17-18|18.7|8.6|67.7|0.2|0.4|0|4.3|7.6|67.9|1.3|4.6|50.3|18.7|1.1|32.7|5.6|10.1
204904|17-18|5.9|33.2|57.3|0.3|0.2|0|3|8.1|51.4|15.8|2|61.1|16.9|15.4|31.9|3.9|7.6
205901|17-18|2.2|63.2|31.8|0.2|0.5|0|2|7.5|71.8|8.6|2|45.9|21.3|8.4|24.8|4.7|9
205902|17-18|1.2|56.1|38.9|0.4|1.6|0.2|1.7|7.6|56.9|4.4|1.7|42.5|15.1|4.2|18.5|5.9|8.4
205903|17-18|1.3|54.2|40.1|0.7|1|0.1|2.6|8.5|79.1|6.8|1.8|62.2|17|6.5|27.7|2.6|8.5
205904|17-18|0.8|87.8|10.2|0.2|0.4|0|0.5|7.8|91.9|2.6|5.6|58.5|12.6|1.8|19.6|3.5|9.3
205905|17-18|0.8|85.8|12.6|0.1|0|0|0.7|6.9|81.6|3.3|1.3|49.4|12.4|3.2|23.9|6.9|5.6
205906|17-18|1|82.4|15.2|0.1|0.5|0|0.6|7.6|76.7|1.3|1.7|61.9|18.2|1.3|23.6|5.9|10.8
205907|17-18|0.5|88.4|10.4|0.1|0|0.1|0.5|7.9|93.1|2.1|2.4|59.8|13.2|2.1|27.9|4.5|11
206901|17-18|0.3|54.4|43.9|0.3|0.8|0|0.4|6.5|68|17.7|0.4|40.3|8.9|16.9|22.2|7.9|12.9
206902|17-18|0|18.5|77.7|0.8|0|0|3.1|7.7|63.1|2.3|0.8|30.8|15.9|2.3|43.1|3.1|19.2
206903|17-18|7|22.8|63.2|0.9|0|0.9|5.3|12.3|55.3|0.9|2|34.2|27.5|0.9|36.8|2.6|13.2
207901|17-18|0|74.7|23.5|0|0.4|0|1.4|7.9|60.1|8.7|1.2|45.1|9.7|8.7|27.3|4.2|6
208901|17-18|0.8|39.4|58.2|0|0|0|1.6|6.4|50.6|6|0.4|55|6.8|6|23.9|7.6|6.8
208902|17-18|2|64.7|30.2|0.6|1|0|1.5|7.7|59.6|9.3|1.5|52.3|14.4|9.5|35.1|5.4|10.2
208903|17-18|0.8|24.2|74.6|0.4|0|0|0|5.9|23|3.5|0|32|7.5|3.1|41.4|3.5|7
209901|17-18|2|17.4|76.3|0.4|0.2|0.4|3.4|6.7|41.8|2|0|31.8|11.2|2|35.1|3|8.3
209902|17-18|0|9.4|87.5|0.8|0|0.8|1.6|6.3|73.4|0|0|50|19.8|0|54.7|1.6|14.1
210901|17-18|20.3|43.4|32.1|0|2.4|0.1|1.6|7.3|79|30.1|1.5|63.7|9.1|29.4|27.3|4.1|10.9
210902|17-18|4.9|17.1|75.7|0.4|0.1|0|1.8|7.8|64.6|8.3|0.7|43.6|13.7|8|29.5|4.2|12.6
210903|17-18|19.8|12.1|64.6|0.4|0.4|0|2.8|8.5|65.9|5|1.2|40.2|10.1|5|31.2|3.1|11
210904|17-18|26.3|39.7|31.4|0|0|0|2.6|8.3|87.9|19.2|3.4|70.3|9.1|19.2|35.9|4.7|14.9
210905|17-18|24.2|13.4|59.8|0|0|0|2.6|6.9|69.1|4.5|0.3|47.2|15.4|4.5|29.2|2.6|11.3
210906|17-18|1.1|8.4|88.4|0|0|0|2.1|0|49.5|4.2|1|61.1|21.8|4.2|12.6|0|21.1
211901|17-18|0|59.5|38.2|0.8|0|0|1.5|0|70.2|40.5|0|58.8|12.5|37.4|0|0.8|10.7
211902|17-18|0.8|65.1|31.4|0|0.2|0|2.5|7.1|58|16.9|0.2|50.3|8.9|16.4|24.4|2.2|7.5
212801|17-18|13.1|25.1|54|0.2|3.8|0.1|3.7|10.8|37.7|8.9|0|11.6|11.4|7.1|26|0|7.2
212804|17-18|5|13.1|73.4|0.7|2.4|0.1|5.1|8|18|2|0|36.1|17.6|1.7|46.9|11.9|6.3
212901|17-18|14.3|13.3|66|0.4|0.6|0.1|5.2|8.1|56.6|3.1|1.4|34.3|15.9|3|27.7|7.2|8.8
212902|17-18|3.8|7.3|85.8|0.3|0.5|0|2.2|8.4|31.1|2.7|0.6|35.6|9.9|2.7|29.5|5.3|10.6
212903|17-18|5.9|16.8|71.3|0.5|1.1|0|4.4|7.8|42.6|4|1.4|32.2|11.2|3.7|29.4|8.9|10
212904|17-18|12.9|13.3|70|0.3|0.6|0.1|2.8|7.8|52.7|4.5|1|52.7|11.9|4.5|27.6|4.9|6.6
212905|17-18|28.3|46.4|21.3|0.2|1.4|0|2.4|7.5|73.2|23.3|1.9|64.8|15.1|22.3|30.4|9.6|7.3
212906|17-18|12.3|13.6|65.7|0.4|3.4|0.1|4.5|8.7|41.2|3.8|1.4|39.6|12.1|3.5|29|8.2|9.2
212909|17-18|16.8|47.6|31|0.1|0.7|0.1|3.7|7.3|78.1|21.6|1.8|62.8|11.7|21.2|35.9|5.8|9.9
212910|17-18|20.2|29.9|46.6|0.2|0.8|0.2|2.1|6.7|72.9|11.3|2.6|42|16.9|10.6|30.1|4.1|11.5
213801|17-18|10.2|24.6|62.7|0|0|0|2.5|16.9|64.8|0|0|75.8|94.7|0|40.7|0|10.6
213901|17-18|0.6|30.4|63.9|0.7|1.6|0.1|2.7|8|41.5|9.4|0.6|39.3|8.6|9.4|32.4|7|6.5
214901|17-18|0|98.3|1.6|0|0.1|0|0|8.6|91.1|70|1.5|76.7|12.6|70.1|27.3|18.7|9.6
214902|17-18|0|98.3|1.3|0|0|0|0.4|8|85.7|17.6|1.1|37.4|15.4|17.6|31.5|8|10.9
214903|17-18|0|99.7|0.2|0|0|0|0|9|86.3|69.9|2|77.8|12|69.9|29.7|10.1|6.5
215901|17-18|1.3|32.9|62|1.5|0.5|0.1|1.7|6.9|63.2|8.2|1.3|47.8|12.2|7.7|28.1|5.1|9.5
216901|17-18|0|44.9|52.1|0|0|0|3|8.5|40.3|6.2|0.3|43.9|8.3|5.9|39|3|11.5
217901|17-18|1.8|33|60.4|0|3.1|0|1.8|9.7|44.5|4|0|41.9|10.5|4|36.6|4.4|7.9
218901|17-18|0|72|27.1|0|0.2|0|0.6|6.4|58.5|11.8|0.3|41.6|10|11.8|30.8|1.2|9.6
219901|17-18|1.5|17.2|80.2|0|0|0|1.1|6.1|42|5.3|0.4|27.1|10.4|5.3|27.5|1.1|7.6
219903|17-18|9.4|62|27.1|0.3|0.1|0.1|1|7.1|79.2|7|1.4|48|11.9|6.8|29.5|4.7|10.8
219905|17-18|6.8|55.4|36.3|0.8|0|0.8|0|4.8|71.7|8|0|59.8|16.3|8|31.1|3.6|8.8
220801|17-18|11.5|19.4|55.9|0.3|4.2|0.8|7.9|6.6|17.6|1|0|29.9|7.8|1|10.2|0|6
220802|17-18|21.6|19.2|42|0.3|12|0.1|4.8|1|18.8|4.5|0|18.3|5.1|4|1|0|3.3
220809|17-18|9.1|19.5|61.9|0.2|3|0|6.3|10.7|9.6|1.1|0|1.2|5.3|1.1|0|12.8|3.3
220810|17-18|4.7|13.5|60.5|0.2|14.7|0|6.4|8.7|0|0.6|0|5.6|4.9|0.6|29.9|0|3
220811|17-18|46.2|33.7|12.7|0.3|4.5|0|2.7|0|73.2|31|0|32.4|16.5|31|0|4.2|3.7
220814|17-18|24.1|30.1|37.1|0|3.2|0|5.5|0|2.9|9.3|0|9.6|12.4|9.3|0|5.5|4.9
220815|17-18|55.5|21.8|14.7|0.6|2.4|0.2|4.9|0|60.8|7.3|0|31.4|5.6|6.5|0|11.4|8
220817|17-18|37.8|29|25.5|0.3|3.3|0.1|4.1|5.9|44.4|11.6|0|29.3|16.4|11.1|23.9|4.9|4.9
220819|17-18|6.2|22.2|63.3|0.3|1.5|0.1|6.3|6.6|28.7|3.3|0|27.4|8|2.8|7.9|9.3|10.7
220901|17-18|24.9|46|19.7|0.4|6.2|0.2|2.7|8.6|65.4|26.4|2.8|62.5|19.3|26.6|27.9|8.7|7.8
220902|17-18|8.8|42.1|39.9|0.6|5.1|0.3|3.3|8.5|58.1|20.1|1.2|46.4|14.7|20.1|28.6|9.2|9.3
220904|17-18|35.6|57.7|3.8|0.3|0.7|0.2|1.7|7.7|82.9|29.1|1.2|74.4|20|29.3|22.9|4.3|7.9
220905|17-18|22.7|62.4|11.3|0.1|1.8|0.1|1.5|7.8|77.7|30.8|0.7|77.8|21.1|30.3|24.3|10.8|8.3
220906|17-18|5.7|24|54.8|0.4|9.6|0.1|5.3|8.9|22.6|9|0.6|22.7|9.6|11.6|29.5|21.4|8
220907|17-18|8.9|22.9|55.1|0.5|8.6|0.3|3.8|8.5|25|8.2|0.6|28.4|9.3|7.9|27.8|10|9.6
220908|17-18|29.7|25.5|32.6|0.3|7.2|0.1|4.6|9|40.8|10.1|1|33.2|11|10.2|24.8|6.8|8.8
220910|17-18|16|58.1|21.6|0.7|0.9|0.2|2.7|8.7|82.8|19.6|1.5|63.1|19.2|18.9|38.7|5.3|9.1
220912|17-18|44|31.6|15.9|0.5|4.4|0.3|3.4|8.3|61|15.4|1.9|53.9|18.2|15.6|32.1|7.1|9.5
220914|17-18|22.9|24.3|43.8|0.3|4.1|0.2|4.3|8.9|42.7|7.6|1.7|37.5|12.2|7.7|31.3|7.2|8.9
220915|17-18|1.2|21|73.7|0.5|0.5|0.1|2.9|8.3|46.8|4.5|2|30.6|16.6|4.4|27.6|6.3|9.2
220916|17-18|19.2|30.1|35.2|0.5|7.4|2.5|5.1|7.1|52.6|15.2|0.9|43.5|17.3|14.7|23|6.6|8.9
220917|17-18|1.5|78.9|18.1|0.1|0.3|0.1|1.1|8.2|85.2|35.6|2.3|74.4|18.5|35.5|23.1|5.9|8.9
220918|17-18|11.1|37.5|42.3|0.5|4.3|0.3|4|8.4|42.5|9.5|1.4|43.3|15.7|9.2|24.1|7|8.8
220919|17-18|2|9.7|66.7|0.2|16.5|0.1|4.7|8.2|1.4|2.6|0.4|10.9|3.8|2.6|21.2|23.6|6.9
220920|17-18|8.1|40.3|44.9|0.5|1.4|0.1|4.7|8|55.1|12.2|1.4|49.5|17.1|15.1|29.2|7|9.6
221801|17-18|16.8|32.5|40.5|0.5|5.2|0.1|4.3|4|43.3|10.6|0|37.9|28|10.5|2.6|0|7.8
221901|17-18|13|44|36.5|0.3|1.8|0.1|4.2|7.9|74.4|5.3|2.2|45.6|21.8|5.5|28.4|6.7|11.4
221904|17-18|1.7|26.7|68.4|0.7|0|0.1|2.4|8.7|61.3|1.9|2.9|43.7|18.4|1.9|35.9|7.6|13.4
221905|17-18|0|8.5|89.1|0|0|2.4|0|9.7|58.8|0|0|35.2|15.8|0|29.1|10.3|9.7
221911|17-18|0.6|12|84.5|0.2|0.2|0.1|2.4|8.9|23.7|0.1|0.4|25.9|9.5|0.1|40.4|8|10.2
221912|17-18|3.7|18.1|71.2|0.3|2.6|0.3|3.8|7.9|16.1|1.4|0.4|24.1|9.4|1.3|23.5|3.7|6.5
222901|17-18|0|63.9|34|0|0|0|2.1|8.3|49.3|2.8|0.6|44.4|18.8|2.8|29.2|0|11.1
223901|17-18|2.9|77.9|17.4|0.1|0.3|0.1|1.4|8|81.6|8|1.3|55.9|20.7|7.9|26.3|4.7|7.8
223902|17-18|0.4|68.8|28.7|0.4|0|0|1.8|6|77.3|6.4|1.2|35.8|12|6.4|33|5|8.9
223904|17-18|1.3|41.5|55.9|0|0|0|1.3|4.8|55.9|9.6|0|38.7|11.7|9.3|25.2|7.7|6.4
224901|17-18|1.5|14.7|82.4|0|0|0|1.5|5.1|59.6|0|0|47.8|17.9|0|35.3|5.1|4.4
224902|17-18|0|22.2|75.9|0|0|0|1.9|8|64.8|0.6|0|53.7|10.3|0.6|40.7|2.5|10.5
225902|17-18|11.8|68.5|17|0.2|0.7|0.1|1.8|7.9|72.6|40.3|1.5|70.5|12.8|43.6|26.3|6.7|10.5
225905|17-18|3.6|82.7|12.5|0|0|0|1.2|0|87.5|53.6|0|78|15|51.2|0|4.2|13.7
225906|17-18|2.9|37.3|56.6|0.5|0.8|0|1.9|8.6|48.5|16.2|1.3|34.8|8.9|16|34.2|8.3|9.8
225907|17-18|0.3|49.3|48.8|0|0.3|0|1.3|0|64|34.2|0|61|9.5|31.1|0|3.3|5
226801|17-18|12.8|48.3|33.5|0.4|1.4|0.1|3.5|4.7|50.6|4.1|0|51.2|18.8|4|7.1|0|6.9
226901|17-18|0|22.6|73.2|1.3|0.2|0.2|2.5|7.6|28.3|0.2|0.4|28.1|10.1|0.2|43.6|5.4|7.6
226903|17-18|3.9|59.6|32.8|0.4|1.2|0.1|2|7.7|58|4.7|1.2|48.7|18.9|4.7|19|3.5|10.4
226905|17-18|1.9|21.8|71.6|0|0.3|0|4.4|8|55.4|1.1|0.3|36.4|16.2|1.4|30.3|3.6|14.9
226906|17-18|0.2|20.1|78.1|0.1|0.4|0.1|1.1|9.3|13.7|1.4|0.4|16.2|7.8|1.4|39.6|7.7|5.2
226907|17-18|1|44.8|51.8|0.1|0.3|0|2.1|8.1|60.1|4.9|0.7|50.4|20|4.9|23.9|4.8|13.4
226908|17-18|0.7|43.1|52.8|0.4|0.7|0|2.2|7.1|43.1|6.7|0|47.6|8.7|6.3|37.9|3.7|10.4
227803|17-18|6.5|70.1|18.4|0.2|1.5|0|3.3|2.9|63.1|31.9|0|54.6|16.1|32.1|7.2|0|5.3
227804|17-18|12.7|33.6|41.2|0.2|8|0|4.3|7.7|33.5|20.2|0|44.9|8.6|19.7|14.4|1.1|8.3
227805|17-18|87.9|10.1|0|0|0|0|2|3.7|82.5|0|0|42.4|22.7|0|0|0|7.7
227806|17-18|18.2|40.2|35.8|1.6|0.6|0.1|3.4|28.8|57.7|11.3|0.4|89.3|92|11.3|20.2|0|32.3
227814|17-18|6.3|19.2|51.7|0.8|18.6|0.8|2.6|8.7|0|5.8|0|20.7|20.4|4.7|22.3|0|2.6
227816|17-18|10.2|51.9|21|0.3|13.9|0|2.7|6.6|44.3|35.8|0|57|12.5|34.9|15.7|8.7|6.9
227817|17-18|16.6|73.5|6.6|0.2|1.2|0|2|9.4|88.8|40.9|0|51.9|14.5|40.9|10.8|3.2|8.8
227819|17-18|11.9|66.4|15.6|0.3|2|0|3.7|0|53.6|25.8|0|46.1|2.7|25.4|0|3.4|6.8
227820|17-18|4.3|92|2.6|0.1|0.2|0|0.8|8.1|86.9|47.1|0|63.3|4.8|45.5|0|0|9.2
227821|17-18|1.5|25|66|0.6|0.6|0|6.3|0|24.8|1.9|0|21.2|13|1.9|0|0|9
227824|17-18|8.2|89.4|2.2|0|0|0|0.2|10.6|81|29.1|0.3|54.7|13.9|22|14.7|0|7.6
227825|17-18|5.3|91.6|2|0.2|0|0|0.9|15.5|93.9|57.1|0|68.6|13.1|56.7|12.4|0|12.9
227826|17-18|9.7|48.5|36.6|0|1.5|0|3.8|0|43.1|22.9|0|23.3|9.1|22.7|0|0|6.1
227827|17-18|18.4|56.6|19.9|0|4.1|0|1|60.7|87.8|27|0|0|0|27|21.9|0|0
227828|17-18|15.1|66.3|14|0.6|3.1|0.3|0.6|63.7|86|40.9|0|76.3|100|40.9|23.4|0|6
227901|17-18|7.3|56.7|28.5|0.1|4.2|0.1|3.1|7.3|53.4|27.5|1.3|51.3|17.9|29.2|26.7|9.4|10.9
227904|17-18|15.8|48.6|23|0.2|7.9|0.1|4.3|7.7|42.5|22.1|1.4|50.9|12.6|22.3|26.2|7.4|10.6
227907|17-18|20.1|65.4|7.6|0.2|3.9|0.2|2.7|7.4|74.4|38.6|1.3|75.4|16.5|38.4|34.7|8.3|8.7
227909|17-18|0.8|12.7|69.1|0.2|12.5|0|4.7|8.5|2.6|2.2|0.3|9.3|3.4|2.1|17.6|11.3|8.4
227910|17-18|8.9|83.5|5.5|0.2|0.6|0.1|1.2|9.1|82.2|37.3|1.8|76.7|19.7|36.6|30.6|4.6|12
227912|17-18|0.6|21.3|72.6|0.6|0.5|0.2|4.1|9.2|24.2|5.2|0.8|30|10.5|5.2|29.2|8.3|7.6
227913|17-18|1.4|20.3|67.7|0.3|5.8|0.1|4.5|8.6|11.6|6|0.5|21.9|7.5|6|22.5|10.4|7.5
228901|17-18|5.9|14.5|75.7|0|0.5|0|3.5|8.7|63.5|1.8|1.2|37|15.8|1.8|27.1|8.3|11.8
228903|17-18|16.7|24.4|54.4|0.2|0.3|0.1|3.8|7.6|73.9|7.7|1|55.6|17.4|7.7|35.9|4.2|9.5
228904|17-18|0|8.3|91.7|0|0|0|0|6.7|57.5|0|0|8.3|17.8|0|29.2|10|9.2
228905|17-18|5.6|5.6|87.3|0.5|0.5|0|0.5|6.6|58.9|0|0|3.6|19.3|0|27.9|9.6|14.2
229901|17-18|2.7|4.8|90.7|0|0|0|1.7|7.6|62.7|0|0.8|36.2|19.4|0|31.6|0.4|10.5
229903|17-18|22.8|8.7|59.6|3.4|0.7|0.1|4.7|5.9|71.4|3.6|1.4|57.1|16.9|3.4|30.1|5.4|14.1
229904|17-18|1.1|6.1|89.5|1|0.7|0|1.6|7.3|56.3|1|0.6|21.2|14.2|1|27.2|5.4|8.5
229905|17-18|1|7.1|90.3|1|0|0|0.5|7.1|70.7|1|0.8|55.9|24.3|1|26|2|12
229906|17-18|5.3|5.3|85|0|0|0|4.4|7.3|52.4|0|0.5|34|16.9|0|26.2|2.9|13.1
230901|17-18|9.9|9.2|73|0.3|0|0|7.6|6.9|60.1|2.2|3|46.6|16.2|2.2|35|6.4|10.8
230902|17-18|11.6|20.7|59.9|1|0.4|0|6.3|7.9|71.9|7.9|1.2|43.7|16.6|7.7|26.6|4.8|8.4
230903|17-18|5.2|15.5|73.3|0.7|0.3|0.1|4.8|10|69.5|5.2|1|51.7|18.5|5.1|28|5.4|10.3
230904|17-18|6.4|13.3|73.7|0.5|0.8|0|5.3|8|59.6|2.1|1.2|43.1|13.1|1.9|34.3|4.3|4.8
230905|17-18|0.4|15.5|82.6|0|0.3|0|1.3|8.4|45.3|4.9|0.7|34|11|4.9|35.7|7.6|6
230906|17-18|5.6|13.1|75.7|0.4|0.4|0.1|4.7|7.1|46|1.7|1.8|35.1|10.2|1.7|27.2|5.7|5
230908|17-18|1.1|5.3|90.5|0.7|0.3|0|2.2|9.6|42.6|1.1|0.7|24.6|12.2|1.1|32.6|9.9|4.9
231901|17-18|2.5|70.5|25.8|0.2|0|0|1.1|5.8|64|4.7|0.3|62.5|16.1|4.3|19.8|5.8|7.9
231902|17-18|1.6|41.7|55|1|0|0|0.6|8.4|45.3|7.1|0.7|48.5|9.3|6.8|24.6|2.9|7.1
232901|17-18|0.2|56.9|41.3|0|1.5|0|0|8.6|33.6|4.2|0.2|16.3|9.6|4.2|32.5|14.7|5.1
232902|17-18|0|78.6|20.3|0.4|0|0|0.6|7.7|68.5|7.5|1.1|17.8|12.6|7.5|35.8|9.6|10.5
232903|17-18|0.3|89.9|8.8|0.1|0.4|0.1|0.4|7|70.6|7.1|3|68.7|12.7|9.6|27.4|10.1|10.1
232904|17-18|0.8|21.4|73.5|0|1.3|0|2.9|7.6|49.6|4.2|0.4|26.1|12.9|3.8|45.8|3.8|10.9
233901|17-18|1|92.8|5.4|0.1|0.5|0|0.2|7.3|73.7|17.4|1.5|62.9|11.6|16.8|32.2|9.5|9.1
233903|17-18|1.9|49.5|45.8|0|0.5|0|2.4|5.2|28.8|3.8|0|41.5|12.2|3.8|35.4|6.6|9
234801|17-18|0|11.8|84.3|0|0|0|3.9|17.6|48|0|0|94.1|88.9|0|23.5|1|15.7
234902|17-18|2.2|12.4|80.4|1.1|0.6|0.1|3.3|7.8|39.3|3.4|0.2|23|13|3.4|26.3|6.1|8.1
234903|17-18|4|10.6|81.8|0.2|0.1|0|3.4|6.8|48.2|2.3|0.5|30.8|15.2|2.2|27.4|9.9|12.1
234904|17-18|0.5|28.6|68.5|0.5|0.4|0|1.5|7.6|65.5|12.3|0.6|44.9|20.6|11.5|30.1|4.9|10.2
234905|17-18|1.7|23|72.9|0.2|0.2|0.2|1.9|5.6|47.8|9.2|0.7|33.5|9.3|9.2|30.7|7.2|10
234906|17-18|3|19.9|72.8|0.4|0.5|0|3.3|8.2|49.5|6.7|1.2|40.1|12.8|6.5|34|6.4|10.3
234907|17-18|5.3|23.9|66.2|1|0.3|0.1|3.1|8.2|65.2|8|1.5|35.3|16.6|7.7|26.6|6.2|10.6
234909|17-18|0.9|9.6|84.9|0.2|0.9|0|3.6|6|68.4|3.3|0.9|61.6|16.4|3.1|25.1|11.8|9.6
235901|17-18|3.8|85.7|8.8|0.2|0|0|1.5|8.6|91|17.7|1.5|47.2|23.7|17.7|32.8|4.2|12.4
235902|17-18|6.7|65.3|25.2|0.1|1|0.1|1.6|8.7|67.1|6|3|44.6|21.4|5.9|21.4|3.5|10.4
235904|17-18|3.4|37.9|53.4|0|0|0|5.2|0|60.3|3.4|0|18.1|24.2|3.4|0|13.8|6.9
236801|17-18|20.2|48.1|28.8|0|0|0|2.9|49|100|0|0|100|90.2|0|100|0|29.8
236802|17-18|18.6|25.7|47.9|0.7|1.4|0|5.7|0|16.4|1.4|0|19.3|0|1.4|0|0|1.4
236901|17-18|16.2|14.3|64.5|0.7|0.2|0|4.1|9.2|49.2|4.5|1.5|33.2|10.7|4.3|33.2|6.5|8
236902|17-18|23.6|31.5|40.1|0.7|1.7|0.1|2.4|9.1|48|11.1|1.3|44.7|20.6|10.3|32.7|4|7.2
237902|17-18|28.1|58.5|11.9|0.2|0.5|0.1|0.8|7.3|83.7|27.9|2.9|66.9|16.5|25.7|32.7|7.9|8
237904|17-18|9.9|54|32.6|0.4|0.7|0.1|2.3|7.4|62.6|28.2|1.9|56.1|11.8|27.8|25|5.4|6.6
237905|17-18|14.9|74.1|9.3|0|0.1|0|1.5|6.9|85|41|2.6|74.5|10.7|39.1|35|2.8|8.5
238902|17-18|5|61.3|32.2|0.4|0.6|0|0.5|6.9|51|8.8|0.7|27.1|14.7|8.5|23.3|4.2|8.6
238904|17-18|1.2|66.7|30.9|0|0|0|1.2|5.6|63|0|0|22.2|18.6|0|45.1|0|7.4
239901|17-18|21.9|34.9|39.1|0.1|1.9|0|2.1|8|54.1|12.2|2|53.3|10|12|28.2|5.9|12.3
239903|17-18|14.3|20|63.1|0.2|0|0|2.4|7|54.3|5.3|0.6|36.5|7.3|4.6|29.9|4|10.3
240801|17-18|0|100|0|0|0|0|0|22.8|90.8|35.8|0|88.9|66.7|35.8|28.2|0|10.4
240901|17-18|0.1|99|0.7|0|0.1|0|0.1|7.2|95.5|56.5|1.7|66.1|17.7|56.5|27.2|7.8|8.1
240903|17-18|0.1|98.8|0.6|0|0.3|0|0|8.4|75.4|36.1|1.4|59.3|13.1|40.8|35.5|12.9|8.5
240904|17-18|0|97|3|0|0|0|0|6.7|77.4|5.6|0|25.9|15.3|5.6|30.4|0.4|10.4
241901|17-18|9.7|52.6|36|0|0.5|0.1|1.1|8.4|54.5|6.6|1.8|45.8|9.3|6.3|30.6|5.8|6.3
241902|17-18|6.2|28.1|65|0|0.1|0|0.5|8.6|35.9|4.6|0.2|31.9|7.9|4.5|33.1|5.7|7.2
241903|17-18|9.9|64.2|24.5|0.2|0.2|0.1|1|9.7|71.1|12.4|0.9|51.6|10.6|12.3|33.7|8|8.6
241904|17-18|26.4|58.1|13|0|0.8|0|1.7|8.2|76.9|11.3|1.9|52|15.1|10.8|23.5|6|8.7
241906|17-18|4.4|58.5|34.9|0.4|0.8|0|1|6.4|58.7|13.5|1.6|33.4|5.4|13.5|28|6|5.2
242902|17-18|5.9|30.2|56.1|1.2|0.9|0|5.7|7.3|63|3.8|1.1|46.9|12.4|3.8|27.4|1.4|11.1
242903|17-18|0.2|59.1|38.7|0.6|0.2|0|1.1|6|47.5|19.4|1|37.6|9.8|19.4|33.1|0.2|9
242905|17-18|1.2|33.3|58.3|0|1.2|0|6|4.8|54.8|8.3|0|17.9|12.6|8.3|26.2|0|9.5
242906|17-18|0|10.4|85.9|0|0|0|3.7|5.2|23|0.7|0|40|12.9|0.7|28.1|0.7|11.1
243901|17-18|6.7|17.6|66.1|0.7|1.1|0.1|7.7|7.7|50.1|1.3|1.3|40.7|17.1|1.3|26|5.4|10.6
243902|17-18|4.8|14.3|74.6|1.2|0.7|0.2|4.1|5.8|65.7|1|1.9|62.1|20.5|1|24.9|5.6|12.3
243903|17-18|0.4|11.9|82.8|0.5|0.6|0.2|3.5|7.5|40.7|0.6|0.8|38.1|11.7|0.6|25.2|6.4|11.1
243905|17-18|14.1|35.1|42|0.6|2.4|0.1|5.6|6.7|66.3|8|2|57|15.9|7.7|22.2|5.1|11.7
243906|17-18|9.3|29.7|51.8|1|1.1|0|7|7.6|63.4|2.3|2.6|54.6|17.6|2.3|27.7|6.9|11.6
244901|17-18|0|35.1|62.3|0|1.8|0|0.9|8.8|59.6|0|0|26.3|14.5|0|21.1|16.7|14.9
244903|17-18|9.4|42.3|39.6|0.7|4.3|0.5|3.2|8.6|62.6|10.5|2.2|48.9|18.5|10.5|23.5|4.4|12
244905|17-18|5.6|25.7|64.5|1.4|1.4|0|1.4|5.6|40.7|0.5|0|29.4|8.6|0.5|27.6|9.3|7.5
245901|17-18|0|98.5|0.7|0.7|0|0|0|8|75.6|14.6|1.6|29.5|12.4|13.9|30|11.5|8.8
245902|17-18|0.5|97|2.3|0|0.1|0|0.1|8.1|80.9|9.9|1.9|53.4|14|9.2|30|7.4|7.9
245903|17-18|0.1|98.4|1.1|0|0.1|0|0.2|8.2|86.1|8|1.1|58.6|14.5|7.1|24.4|7|8.8
245904|17-18|0.4|90.5|8|0|0|0|1.1|7.6|82.1|9.9|0.3|23.3|14.1|9.9|43.9|2.3|11.1
246801|17-18|7.3|19|46.2|0.6|21.8|0.4|4.6|5.9|10.2|4|0|15.1|5.1|3.6|4.8|0|7
246802|17-18|3.6|24.8|59.4|0|3.6|0|8.6|0|18.2|2.6|0|6.3|0|2.6|0|1|6.6
246902|17-18|1.9|48.9|46.3|0.3|0.2|0.1|2.4|9|52.8|22.3|1.2|58.9|11.7|22.1|30.2|4.4|10.3
246904|17-18|4|43.2|47.6|0.3|1.4|0.1|3.3|7.9|42.4|13.6|1.2|46.1|12.6|15.1|29|6.7|9.9
246905|17-18|1.6|46.5|50.3|0|0|0|1.6|6.9|62.9|11|0|47.7|13.2|11|34.2|4|8.3
246906|17-18|12.3|44.1|37|0.3|1.1|0.2|5|8.1|38.1|10|1|46.5|12.3|11.7|24.9|4.5|12.2
246907|17-18|5.5|49.4|39.9|0.1|0.6|0.1|4.5|7.3|56|13.8|1.6|38.5|14|13.3|26.9|5.4|10.2
246908|17-18|1.5|20.6|73.4|0.3|0.6|0.1|3.3|7.3|21.8|3.4|0.9|30.2|9.9|3.4|27.4|4|8.1
246909|17-18|8.9|30.4|39.5|0.4|16.8|0.2|3.8|8.2|25.9|9.8|1.1|33.3|13.2|10.7|26.4|9.2|9.3
246911|17-18|8.6|61.7|26.9|0.1|0.5|0.1|2.1|8.2|63.5|13.7|2.9|54.1|12.7|13.6|25.3|5.9|10.2
246912|17-18|1.6|31.3|63.6|0.1|0.1|0|3.2|8.9|28.3|2.3|0.7|29.5|10.1|2.3|25.3|7.6|9.5
246913|17-18|3.9|25.3|57.9|0.3|7.7|0.2|4.8|8.2|19.1|5.6|0.9|38.5|9|6|18.3|21.2|11
246914|17-18|1.8|29.1|63.6|1.2|1.2|0|3|0|28.5|5.5|0|42.4|9.4|5.5|4.8|10.3|5.5
247901|17-18|1.1|64.4|32.2|0.3|0.4|0.1|1.4|8.7|52.2|5|2.3|41.4|15.4|6.1|32.6|7|9
247903|17-18|1.1|30.2|66|0.4|0.1|0.1|2.1|8.8|23.3|3.7|1.4|30.8|11.3|4.6|36.3|4.8|9.7
247904|17-18|0.5|47.2|51.3|0.1|0.1|0|0.7|6.3|37.2|5.8|0.7|33.1|9.9|5.5|29|8.6|11.1
247906|17-18|0.7|47.8|49.9|0.2|0|0.1|1.2|7.5|54.5|4.5|1.4|41.9|16|4.5|27.3|11|14.1
248901|17-18|1.3|78|18.7|0.4|0.8|0|0.6|7.8|69.4|18.4|1.7|56.1|15.3|16.2|23.9|2.3|8.6
248902|17-18|1.8|42.5|53.8|0.7|0|0|1.2|7.4|30.9|3.5|0.6|24.7|13.8|3.5|39.7|5.5|6.7
249901|17-18|0.4|13.3|84.7|0.6|0.1|0|0.8|9|33.9|4.4|0|47.6|12.6|4.4|31.9|9.2|10.5
249902|17-18|0.7|16.4|78.5|1.2|0.4|0.1|2.7|8.1|48.2|3.6|1.4|39.6|15|3.2|32.9|4.3|7.4
249903|17-18|0.9|51.2|45.4|0.6|0.2|0|1.6|9.2|63.4|23.7|2.6|48.8|13.7|30.7|23.3|4.5|9.2
249904|17-18|0.5|26.3|68.8|1|0|0|3.5|7.3|59|8.8|0.6|28.9|15.5|8.6|26|7.1|9.4
249905|17-18|1|34.9|60.6|0.7|0.9|0|1.9|7.8|47.1|14.1|1.2|45|11.1|15|24.8|7.9|11.3
249906|17-18|0.3|12.4|84.7|0.7|0|0|2|8.1|34.2|2.7|0.8|35|10.9|2.7|31.8|10.4|10
249908|17-18|0.4|27.3|70.7|0|0|0|1.7|6.2|51.7|12|0.7|29.3|16.4|12|28.9|4.5|6.6
250902|17-18|9.6|5.8|79.7|0.1|0|0.3|4.4|10.3|63.8|1.5|1.3|60.9|16.6|1.6|37|8.9|11.4
250903|17-18|5.9|32.8|54.9|0.5|1.4|0|4.5|8.1|60|10.8|1.5|44.6|11.8|10.4|27.1|3.8|8.9
250904|17-18|2.5|16|77.4|0.4|0.4|0.2|3|7.5|56|4.6|1.2|42.6|14.3|4.5|28.2|5.6|10.5
250905|17-18|0|25.6|70.8|0.8|0|0|2.8|6.6|62.7|10.7|1.4|43.4|16.6|10.7|41.6|7.4|7.6
250906|17-18|0.2|9.5|87.7|0.2|0.5|0.5|1.5|8|52|1.7|0.7|43.3|14.7|1.5|31.7|5.9|10.6
250907|17-18|2.6|16.9|76.5|0.6|0.7|0.1|2.6|7.7|57.7|6.6|0.7|38.2|11.4|6.6|24.8|3.6|9.2
251901|17-18|0.8|82.3|15.3|0.1|0.7|0|0.8|7.6|54.7|17.2|0.3|53.1|8.7|16.6|35|3.9|5.8
251902|17-18|0|68.5|30.6|0.4|0|0|0.4|8.1|63.5|12.5|2.2|50.6|14.2|12.5|33.1|10.3|7.6
252901|17-18|1.4|30.2|65.6|0.6|0.5|0|1.7|7.3|52.9|12.4|1.7|53.4|11.8|11.5|33|1.9|10
252902|17-18|0|16.5|81.8|0|0|0|1.7|9.1|64.1|1.7|0|40.7|9.5|1.7|37.7|3.9|8.7
252903|17-18|3|38.5|54.9|0.6|0.4|0|2.7|6.1|67.5|4.1|2.1|52.8|10.6|4.1|34.2|4.4|13.5
253901|17-18|0|99.1|0.8|0|0.1|0|0|6.6|83.3|28.6|1.6|65.6|11.3|27.7|30.5|7.1|10.2
254901|17-18|0.6|98.2|0.9|0.1|0.2|0|0.1|7.5|79.8|3.2|1.2|65.7|13.6|2.8|20.8|6.3|10.3
254902|17-18|0|95.3|4.5|0|0|0|0.2|8.3|79.5|4.1|1.1|62.2|14.6|3.8|31.8|4.3|9.2
