DISTRICT|SYear|Att_All_Per_18|Att_AfAm_Per_18|Att_Hisp_Per_18|Att_White_Per_18|Att_AmInd_Per_18|Att_Asian_Per_18|Att_HawPi_Per_18|Att_TwoMore_Per_18|Att_Se_Per_18|Att_EcoDis_Per_18|Att_Lep_Per_18
001902|17-18|96.5|95.2|96|96.5|.|0|.|97.2|95.7|95.5|0
001903|17-18|96.7|97.3|96.6|96.6|.|99.2|0|96.9|95.8|96.1|96.7
001904|17-18|96.2|96.7|96.8|96.1|0|95.4|.|96.3|95.3|95.7|97.4
001906|17-18|96.1|96.8|96.9|96|.|0|.|94.1|93.8|95.8|97
001907|17-18|95.6|95.5|96.2|94.7|87.2|97.5|0|95.7|94|95.4|96.5
001908|17-18|96|97|96.4|95.5|94.7|98|.|95.8|94.6|95.9|96.4
001909|17-18|97.3|0|97.5|97.4|0|0|.|96.4|95.9|97.1|0
002901|17-18|96.9|96.1|96.9|96.8|96.1|97.7|0|96.6|96.4|96.5|97.3
003801|17-18|96.1|96.8|96.3|95.6|.|98.7|0|97.1|96.1|96.2|97
003902|17-18|96.4|95.7|96.7|96.3|94.8|98|.|96.4|95.3|95.9|97.3
003903|17-18|96.1|96.1|96.4|95.7|94.2|97.9|94.7|94.9|94.5|96|97
003904|17-18|95.2|95|95.1|95.2|94.5|0|0|96.1|94.8|94.7|95.2
003905|17-18|95.8|95.2|96.1|95.4|0|98.8|0|94.8|93.9|95.5|96.5
003906|17-18|95.1|0|93.4|95.2|0|.|.|95.2|92.9|94.9|.
003907|17-18|95.6|95.9|96.6|95.3|94.7|0|0|95.3|94.9|95.2|96.3
004901|17-18|95.3|94.1|95.5|95.2|95.4|97.8|0|96.2|94.3|95.1|96.8
005901|17-18|96.4|0|96.5|96.5|0|0|.|94.6|95.1|95.6|0
005902|17-18|97.4|0|97.1|97.5|97.1|0|.|96.1|96.3|96.6|0
005904|17-18|97.7|0|97.4|97.9|0|.|.|0|96.1|97.4|97.7
006902|17-18|96.3|96|96.8|96.3|0|.|.|95.9|96.8|96.2|97.1
007901|17-18|95.9|.|95.9|95.8|.|.|.|.|95.1|95.7|95.2
007902|17-18|96.2|97.3|96|96.4|0|0|.|96.5|95.3|95.8|96.8
007904|17-18|94.8|94.2|94.7|95.5|93.5|0|0|96.4|94|94.6|95.7
007905|17-18|95.2|94.6|95|95.7|93|97|0|95.4|94.1|94.6|96.3
007906|17-18|93.9|95.3|94|93.6|0|0|.|95.6|91.6|93.4|95
008901|17-18|96.6|96.6|96.4|96.7|0|97.7|0|97.1|95.2|96.2|95.9
008902|17-18|95.8|96.2|95.6|95.9|0|98.6|0|96.9|94.7|95.6|96.5
008903|17-18|96.5|95.9|96.6|96.6|.|0|.|96.3|94.6|96.2|97.2
009901|17-18|96.5|0|96.4|96.9|.|98.5|.|0|95.2|96.4|97.3
010901|17-18|95.8|95.7|96.7|95.5|.|.|.|97.2|94.8|95.7|0
010902|17-18|95.1|96.6|95|95.2|90.1|94.1|0|95.2|93.9|94.5|96.6
011901|17-18|95|94.3|95.1|95.1|95.1|97.4|0|94.5|93.6|94.9|95.7
011902|17-18|95|94.6|95|95.1|91.5|96.1|0|94.9|93.8|94.8|95.8
011904|17-18|95.9|96.3|96|95.8|94.2|98.6|0|95.1|95.4|95.5|96.5
011905|17-18|96.7|0|97.2|96.3|0|0|.|0|95.7|96.8|97.1
012901|17-18|96.1|94.9|96.1|96.3|0|0|.|94.8|95.7|95.4|0
013801|17-18|96.5|98.9|96.3|97.1|.|98.3|.|95.9|96.8|96.4|96.9
013901|17-18|93.6|94.4|93.6|93.4|0|98.2|0|96.1|92|93.4|95.8
013902|17-18|97.4|0|97.5|97.1|.|.|.|.|97|96.9|0
013903|17-18|96|0|96.3|95.5|0|0|.|0|95.3|96.1|0
013905|17-18|95.3|98.2|95.1|95.4|0|98.9|0|0|94.1|94.6|95.1
014801|17-18|82.3|80.4|81.9|84.7|78.6|86.3|86.2|86.1|82.5|82.9|86.2
014803|17-18|96|96.3|96.2|95.9|0|96.3|0|96.4|95.8|96.5|98
014804|17-18|96.2|96.6|96|96.2|0|97.9|0|96.9|96|94.5|98.1
014901|17-18|96.2|97.3|95.7|96.3|96.9|95|0|95.4|93.8|95.5|97.4
014902|17-18|95.2|95.8|95.2|95.2|0|0|.|90.2|93.5|94.9|96.9
014903|17-18|95.9|95.9|95.6|96|94.5|97.8|96.9|96.2|94.5|95|96.1
014905|17-18|96|93.7|96.8|95.9|.|.|.|93.4|94.2|95.2|98.1
014906|17-18|95|95|95|94.8|94.9|96.8|94.7|95|93.5|94.6|95.6
014907|17-18|97|93.8|97|97.1|0|0|.|97.8|95.5|96.1|96.4
014908|17-18|96.6|92.5|96|96.8|0|97.9|0|96.7|94.8|95.5|95.8
014909|17-18|94.5|94.6|94.5|94.3|94.9|97.6|96|94.8|92.7|94.4|95.9
014910|17-18|96.4|92|96|96.7|97|98.4|.|95.9|95.2|95.7|97.3
015801|17-18|82.4|87|82.2|81.3|0|0|.|0|83.5|82.6|0
015802|17-18|95.9|95.3|97|93.1|.|0|0|92.5|95.5|95.9|98.4
015805|17-18|95.4|97.1|95.4|95.2|0|.|0|0|94.5|95.5|96.6
015806|17-18|94.6|93.8|94.9|93.2|.|0|0|94.4|92|94.5|96.3
015807|17-18|92.7|93.1|92.5|94.1|0|0|0|93|92.3|93|94.6
015808|17-18|95.1|97.4|94.9|95.1|0|97.9|.|94.6|93.6|93.6|.
015809|17-18|94.1|95.4|94.1|94.8|.|.|.|.|94.5|94|95.8
015814|17-18|81.3|0|81.6|0|.|.|.|.|77.6|81.4|83.5
015815|17-18|95.5|96.4|95.4|95.7|0|0|0|0|94.9|95.4|96.1
015822|17-18|95.9|96.1|95.8|95.5|94.6|98|0|96.4|94.9|95.8|96.7
015825|17-18|94|93.6|93.8|95.7|.|.|.|0|92.4|93.7|93.2
015826|17-18|95.4|94.6|95.4|94.8|0|0|.|95.2|93.7|95.4|96.5
015827|17-18|95.8|96|95.6|95.8|.|97|0|95.6|94.9|95.5|96.7
015828|17-18|95.5|95|95.5|94.8|96.8|96.6|0|94.7|93.9|95.4|95.8
015830|17-18|94.5|95|94.6|93.4|0|95|0|95.6|94.1|94.2|95.7
015831|17-18|95.4|97|94.9|95|0|97.5|.|97|93.7|95.3|96.5
015833|17-18|90.6|0|90.3|90.5|0|0|.|.|87.5|89.5|0
015834|17-18|97|97.5|96.7|96.5|97.5|97.6|0|97.4|97.2|96.3|96.9
015835|17-18|96.9|96.6|96.7|96.8|.|97.9|0|97.4|96.3|96.3|97.4
015836|17-18|96|96.5|96.1|96.1|.|94.5|.|95.5|94.8|94.7|0
015837|17-18|92.9|97.1|92.5|92.9|.|0|.|0|92.1|92.9|0
015838|17-18|.|.|.|.|.|.|.|.|.|.|.
015901|17-18|96.3|96.5|96|96.5|97.4|97.5|0|95.9|95|95.4|96.6
015904|17-18|94.5|94.5|94.6|93|0|91|.|93.9|92.7|94.4|96
015905|17-18|93|94.1|93|91.6|0|92.9|97.3|91|91.5|93.1|95.3
015906|17-18|96.8|97.5|96.5|96.6|0|98.1|96.6|96.6|96.5|96.5|97.4
015907|17-18|93.9|93.5|94|93.5|92.7|96.8|96.4|93.2|92.3|93.9|95.5
015908|17-18|94.1|94.6|94.1|94.8|89.2|97.4|0|88.9|92.7|94.1|96
015909|17-18|95|95.7|95|95|96.8|0|0|92.9|93.1|94.8|96
015910|17-18|95.6|95|95.2|96.1|95.2|97.8|94.7|95.9|94.1|94.6|96.2
015911|17-18|94.4|94.9|94.4|94.4|95.3|96.8|82.9|95.2|93|94.1|95.9
015912|17-18|94.4|95.2|94.4|94.7|96.2|95.9|0|94.8|92.9|94.4|96
015913|17-18|96.6|97.5|96.4|96.3|0|98.2|96.4|96.4|95.4|96.3|97.3
015914|17-18|96.7|97.2|96.5|96.4|95.9|97.9|95|97.5|95.6|96.5|95.6
015915|17-18|95.3|95.9|95|95.8|96|97.1|96.3|96.1|94.2|94.5|96
015916|17-18|94.9|95|94.9|94.8|91.1|97|95.7|95.5|93.4|94.7|96.1
015917|17-18|93.7|93.2|93.8|92|0|98.4|.|93.1|91.9|93.6|95.3
016901|17-18|96.3|.|96.7|96.1|0|0|.|95.6|95.4|96.1|97.9
016902|17-18|96.1|95.9|96|96.2|0|0|.|97.2|95.2|95.4|96
017901|17-18|96|0|95.5|96.1|0|.|.|97.7|96.7|95.7|0
018901|17-18|97|95.9|97.3|96.9|97.8|99.5|0|97.4|97.2|96.6|97.8
018902|17-18|96.6|96.2|96.2|96.9|.|0|.|96.3|95.3|96.2|96.6
018903|17-18|95.4|0|95.8|95.1|0|.|.|0|91.1|95.5|99
018904|17-18|96.4|98.1|96.4|96.3|.|0|.|95.5|95.3|96|96.8
018905|17-18|95.8|.|96.3|95.2|.|.|.|0|94.1|95.6|98.1
018906|17-18|97.2|.|96.8|97.3|.|0|.|0|96.1|96.6|0
018907|17-18|94.9|0|94.9|95|.|.|.|0|94|94.6|.
018908|17-18|96.3|0|97.4|95.7|.|.|.|0|92.9|96.1|98.9
019901|17-18|95.5|95.8|95.7|95.4|96.5|.|.|94.8|94.4|95.1|96.6
019902|17-18|95.5|95.5|96|95.5|0|0|.|95.2|93.9|94.8|97.3
019903|17-18|96|97.1|94.1|96.1|0|.|0|93.4|95.4|95.3|.
019905|17-18|95.6|95.9|96.4|95.4|0|97.3|0|95.5|94.2|95.3|97.1
019906|17-18|96.4|97.4|96.6|96.3|0|98.6|0|93.9|96.5|95.3|98.5
019907|17-18|95.5|95|96.2|95.6|96.3|97.6|0|95.3|93.5|95.1|97.1
019908|17-18|94.8|95.6|94.9|93.7|90.7|0|0|94.5|94.2|94.8|95.3
019909|17-18|96.4|.|96.6|96.4|0|.|.|95.9|95.9|95.6|.
019910|17-18|97.7|.|0|97.7|0|0|.|97.6|0|98|0
019911|17-18|97.6|0|98.6|97.5|0|0|.|96.5|95.8|96.6|.
019912|17-18|96.6|96.2|96.9|96.5|96|97.9|0|96.4|95.5|96|97.6
019913|17-18|96|.|97.6|95.5|0|.|.|96.9|95.5|95.8|98.8
019914|17-18|96.5|0|0|96.4|.|.|.|0|96.1|96.7|.
020901|17-18|96.3|97.2|95.9|95.5|95|98.1|97.4|96.5|94.7|95.7|97.1
020902|17-18|96.5|96.8|96.6|96.2|96.9|99|0|96.3|95.4|96.3|97.6
020904|17-18|96|0|97.1|95.8|84.1|0|.|96.7|96.1|96.8|98.5
020905|17-18|94.8|94.6|94.6|94.9|94.4|97.9|0|94.9|93.4|94.5|96.1
020906|17-18|96|97.2|96|95.7|96.4|0|0|95.6|95|95.6|96.7
020907|17-18|94.7|95.4|94.8|94.5|95.3|0|.|96|93.4|94.2|96
020908|17-18|96.9|97.4|96.6|96.6|96.3|98.4|96.8|96.9|95.8|96.2|97.4
020910|17-18|95|0|95.2|94.7|.|.|.|0|94.9|95.1|96.7
021803|17-18|95.3|94.7|96|94.9|.|.|.|0|91.9|95.1|96.4
021805|17-18|95.2|95.2|94.5|95.6|0|0|.|97.1|94.3|94.9|95.7
021901|17-18|96.6|95.9|96.3|96.8|94.6|98.2|95.3|96.2|94.8|95.6|97.2
021902|17-18|95.8|95.4|95.8|96.2|97.4|97.1|93.3|95.1|94.7|95.6|96.8
022004|17-18|94.6|.|94.7|94.4|0|.|0|.|93.5|94.4|94.6
022901|17-18|95.9|95.6|95.9|95.9|0|98.2|0|96.6|94.5|95.6|95.5
022902|17-18|96.9|.|96.9|96.9|0|.|.|.|0|96.8|.
022903|17-18|93.3|.|97.6|90.8|.|.|.|0|.|96.9|.
023902|17-18|96.4|0|97.2|96.1|.|.|.|0|95.2|96|97.1
024901|17-18|94.9|0|94.9|96.3|0|0|.|0|94|94.8|95.9
025901|17-18|96.7|97.8|97|96.6|0|0|.|96|96.1|96.4|97.2
025902|17-18|96.2|96|96.2|96.2|94.5|97.9|.|95.7|95.6|95.7|96.9
025904|17-18|96.7|0|96.9|96.6|0|0|.|.|95.1|97.1|0
025905|17-18|95.9|0|96.3|95.8|0|.|0|0|94|95.8|94.5
025906|17-18|96.1|0|96.3|96.1|.|.|.|95.6|95.7|95.8|.
025908|17-18|96.3|0|96.1|96.4|.|.|.|0|95.6|96.4|.
025909|17-18|96.8|97.2|96.6|96.8|0|98|.|96.8|96.7|96.4|96.9
026901|17-18|96.5|96.3|96.5|96.4|94.1|97.8|.|96.3|94.5|96|97.1
026902|17-18|94.7|94.8|94.9|94.5|0|.|.|95|91.6|94.4|95.9
026903|17-18|97.2|96.7|97.4|97.4|.|.|.|97.7|96.6|97|98.1
027903|17-18|95.2|94.9|95.4|95.2|95.9|95.9|0|93.9|94.1|94.8|95.7
027904|17-18|95.7|96.6|95.8|95.6|94.7|97.6|96.2|95.7|95|95.5|96.9
028902|17-18|94.5|94.5|94.3|95.1|94.1|96.3|92.2|95.1|92.3|94.3|95.7
028903|17-18|95.5|95.6|95.5|95.5|0|0|0|94.9|94.3|95.2|97.2
028906|17-18|95.4|91.6|96.4|94.6|.|.|.|0|93|95.8|98.3
029901|17-18|95.3|95.3|95|95.6|96.1|98.4|0|94.3|93.8|95|97.2
030901|17-18|95.6|.|95.7|95.5|0|0|.|0|95.1|95|0
030902|17-18|96.2|96.3|95.9|96.3|0|0|.|94|95.5|95.5|0
030903|17-18|95.5|0|95.2|95.5|.|.|.|0|96.3|95.1|0
030906|17-18|96.8|0|96.9|96.9|0|0|.|95.4|96.8|96.5|.
031901|17-18|95.8|96.7|95.8|95.5|0|97.7|95.3|0|94.4|95.8|96
031903|17-18|95.5|96.1|95.5|95.8|96.9|97.9|94.8|96.5|93.9|95.2|96.2
031905|17-18|96|95.4|96.1|95.2|0|0|.|97.3|94.2|95.8|95.9
031906|17-18|96|96.7|96|95.8|93.8|98.3|99.2|0|94|95.7|96.2
031909|17-18|96.9|94|97|96.1|0|99.2|.|0|95.8|96.9|97.5
031911|17-18|95.3|0|95.3|93.9|0|.|.|0|93.5|95|95.4
031912|17-18|94.8|96.2|94.8|93.4|0|0|0|98.1|92.3|94.5|95.2
031913|17-18|96.2|.|96.3|93.6|0|.|0|0|94.4|96.3|96.3
031914|17-18|95.8|0|95.9|94.2|.|.|.|0|95.1|95.7|96.7
031916|17-18|96.6|98.6|96.4|96.8|0|98|0|97.9|96|96.2|95.7
032902|17-18|95.7|96.2|95.9|95.4|93|97.7|0|95.3|93.9|95.6|96.6
033901|17-18|96.8|0|96.5|96.9|.|.|.|.|97.1|95.1|0
033902|17-18|96.3|0|96.3|96.3|97.8|0|0|0|95.1|95|0
033904|17-18|96.8|.|96.9|96.7|.|0|.|0|96.4|96.5|0
034901|17-18|95.7|96.5|95.9|95.1|0|98|0|95.5|95.1|95.5|97.2
034902|17-18|94.8|95.4|97.1|94.2|0|0|.|96.6|95.8|94.5|0
034903|17-18|95.8|96|96.3|95.7|0|0|0|96.4|94.1|95.5|97.2
034905|17-18|96.4|96.9|97.9|96|0|0|.|96.3|94.9|96|98.7
034906|17-18|96|0|0|96|0|0|.|0|94.8|95.7|.
034907|17-18|95.9|96.7|95.7|95.8|96.8|0|.|95.1|95.6|95.7|0
034909|17-18|95|0|95.8|94.9|0|0|.|0|95.5|94.5|0
035901|17-18|95.7|96.9|95.6|95.8|0|0|.|0|94.5|95.5|95.7
035902|17-18|96.5|0|96.5|95.8|.|.|.|0|96.9|96.3|97.6
035903|17-18|97.7|0|97.2|97.7|0|.|.|.|97.8|97.2|0
036901|17-18|96.1|96|97.2|95.3|95.6|98.6|0|96.6|95.2|96.3|98
036902|17-18|96.3|97.3|96.4|96.2|96.6|98|.|96.5|96|95.5|96.6
036903|17-18|96.6|96.1|97.2|96.1|.|97.6|.|96.3|95.5|96.4|97.3
037901|17-18|96.5|96.3|97|96.1|.|0|.|95.7|95.7|96.3|97.5
037904|17-18|95.5|95.7|95.7|95|94.9|97.6|0|95.3|94.1|95.4|96.2
037907|17-18|95.5|95.6|96.1|95.4|0|0|.|95.6|94.7|95.1|97
037908|17-18|96.6|95.3|96.9|94.8|0|0|.|0|95.3|96.6|97.3
037909|17-18|95.9|91.9|96.7|96.2|.|.|.|94.2|93.7|95.3|96.2
038901|17-18|96.6|96|96.4|96.8|95.1|98.4|.|96|94.4|95.8|97.7
039902|17-18|96.9|0|96.9|96.9|97.7|0|0|96.2|95.9|96|0
039903|17-18|95.8|0|95.9|95.8|98.2|.|.|94.1|94.6|95.6|0
039904|17-18|96.6|0|96.6|96.7|0|.|.|95.3|94.4|96.2|.
039905|17-18|96|.|98.5|95.9|.|.|.|.|96.3|96.3|.
040901|17-18|95.5|95.8|95.6|94.7|.|.|.|0|94.3|95.4|96.8
040902|17-18|96.8|0|97|96.9|0|.|.|0|96|96.9|98
041901|17-18|96|.|96|96|.|0|.|0|95.2|95.3|0
041902|17-18|95.9|0|96.6|95.6|0|0|.|0|93.4|95.2|0
042901|17-18|95.8|94.6|96.2|95.7|0|97.5|.|95.7|94.5|95|98.5
042903|17-18|97.1|97.9|97|97.2|0|.|.|95|97.3|96.8|.
042905|17-18|95.4|0|96.4|95|.|0|.|0|94.8|95.2|.
043801|17-18|96.8|97.8|96.7|96.3|96.2|97|0|97.8|96.8|95.9|97.7
043802|17-18|.|.|.|.|.|.|.|.|.|.|.
043901|17-18|97.1|97.3|96.7|96.9|95.9|98|96.4|97.2|96.4|96.5|97.4
043902|17-18|96.4|96.7|97|96|96|97.1|0|96.2|95.4|96.5|97.7
043903|17-18|96.6|96.9|96.7|96.5|96|97.9|0|96.4|96.2|96.5|97.2
043904|17-18|96.7|95.3|96.8|96.6|97|98.4|.|97.4|96|96.5|97.4
043905|17-18|96.9|97.1|96.6|96.5|96.8|97.7|96.8|96.8|96.4|96.2|97.3
043907|17-18|96|96|95.8|96|95.8|97.1|95.8|96.1|95.3|95.6|96.4
043908|17-18|96.2|97.3|95.8|96.2|95.3|97.4|0|95.7|96|95.6|96.9
043910|17-18|96.7|96.4|96.2|96.4|96.5|97.8|96.6|96.5|95.7|96.1|96.9
043911|17-18|95.9|96.7|96.4|95.4|97|96.6|98.3|95.5|94.9|96.1|97.1
043912|17-18|96.8|97.5|96.8|96.6|96.8|97.4|94.6|96.8|96.4|96.5|97.1
043914|17-18|96.9|97.8|96.6|96.5|96.9|98|97.7|97|96.1|96.6|97.4
043917|17-18|96.1|.|96.1|96.1|0|.|.|96.1|95.6|96|96.1
043918|17-18|96.2|97.8|96.6|95.8|97.6|96.8|0|95.6|95.4|96.2|97.2
043919|17-18|96.9|97.9|97|96.7|96.6|98.1|0|96.7|96.5|96.4|96.9
044902|17-18|97|96.6|96.9|97.1|.|0|.|98.1|94.3|96.6|97.8
045902|17-18|95.6|94|95.9|95.8|0|98.1|.|94.9|93.2|95.1|96.4
045903|17-18|95.5|95.5|95.4|95.6|0|97.2|.|97.5|94.2|95.2|96.6
045905|17-18|97|97.1|97|97.1|.|.|0|96.3|95.7|97|97.2
046802|17-18|99.8|0|99.9|0|0|.|.|0|0|99.7|99.9
046901|17-18|95.8|95.3|95.5|96.1|96.5|98.1|97.8|95.6|93.9|95|96.4
046902|17-18|95.8|96.7|95.5|95.9|94.9|97.8|95|96|94.5|94.6|95.9
047901|17-18|95.9|0|96.1|95.7|95.4|97.7|.|95.2|95.3|95.6|96.9
047902|17-18|96.4|0|96|96.5|0|0|.|96.7|95.5|95.6|97
047903|17-18|95.9|.|96|95.6|.|.|.|0|94|96|96.7
047905|17-18|97.1|.|97.8|96.9|0|.|.|.|97.4|97.3|.
048901|17-18|96.4|0|96.2|96.7|.|0|.|.|95.1|95.8|96.7
048903|17-18|95.2|0|95.1|95.2|.|0|.|0|95.6|95|94.7
049901|17-18|95.6|95.9|96.1|94.6|93.7|94.6|0|95.3|93.7|95.6|96.6
049902|17-18|97.6|0|95.1|97.7|0|0|0|97.9|97.3|96.8|0
049903|17-18|96.5|0|96.9|96.3|0|0|0|96.9|96|96.2|97.8
049905|17-18|96.6|94.3|96.4|96.6|94.6|0|.|96.3|95.3|96.2|97.8
049906|17-18|97.1|0|97|97.1|96.7|0|.|96.7|96.3|96.6|97.2
049907|17-18|97.7|0|96.1|97.8|0|99.1|.|96|97.2|96.1|.
049908|17-18|96.1|.|98|95.4|.|.|.|0|94.2|95.6|.
049909|17-18|95.1|0|94.7|95|0|.|.|0|92.9|94.5|.
050901|17-18|95.9|.|96.6|95.7|0|.|.|0|94.8|95.7|98.1
050902|17-18|94.8|95.4|95|94.7|93.7|98.2|0|93.5|92.8|93.7|96.7
050904|17-18|95.7|.|96.5|95.4|.|.|.|0|93.1|96|97.8
050909|17-18|96.1|0|96.1|96.1|0|.|.|0|94.7|96.1|0
050910|17-18|95.6|95.7|95.6|95.4|95.1|97.7|95|95.9|94.4|95.2|95.9
051901|17-18|95.9|96.4|95.8|95.6|0|.|.|98.3|96.2|95.7|0
052901|17-18|95.3|94.5|95.7|94.1|0|0|.|0|94.3|95.2|96.3
053001|17-18|96.4|0|96.4|96.4|0|.|.|0|95.5|96.1|96.7
054901|17-18|94.8|96.2|94.6|95.1|.|.|.|0|94.3|94.4|0
054902|17-18|94.9|96.7|94.9|94.9|.|.|.|0|93.3|94.7|93.5
054903|17-18|95.3|0|95.1|96|.|0|.|0|95|94.9|96.2
055901|17-18|93.3|0|93.4|93|0|0|0|88.2|92.7|92.8|91.3
056901|17-18|95.1|95|94.9|95.3|0|97.3|.|93.3|94.5|94.9|95.2
056902|17-18|96.6|0|96.7|96.6|0|.|.|0|96.4|96.2|97
057802|17-18|95.2|94.5|95.6|94.8|0|0|.|93.7|94.5|95.5|96.2
057803|17-18|96.6|96.4|96.5|96|95.9|97.7|0|96|95.3|96.5|97
057804|17-18|93.5|93|93.8|92.3|92.6|95.8|0|93.8|93.7|94.1|95
057805|17-18|95.4|0|95|96.1|.|.|.|96.8|96.5|94.7|95.6
057806|17-18|95.8|95.9|95.7|95.7|0|99|0|95.9|94.8|95.6|96.5
057807|17-18|97.1|97.4|97|96.7|97.4|97.4|0|96.8|96.4|96.9|97.4
057808|17-18|96.9|97|96.8|97|97.2|96.9|.|96.2|93.3|96.8|97.1
057809|17-18|96.8|95.9|97.3|0|.|.|.|0|0|96.8|97.6
057810|17-18|94.2|93.7|95|0|.|.|.|.|93.8|94.1|95.3
057813|17-18|96.2|94.7|96.3|93.6|0|96.3|.|0|95.7|96.2|96.6
057814|17-18|85.5|83.7|85.7|89.8|.|.|.|0|80.2|87.8|84.6
057816|17-18|96.7|96.8|95.5|96.3|0|0|0|0|96.5|96.6|96.9
057819|17-18|95.6|96.2|95.4|96.2|.|.|.|0|95.1|95.6|95.7
057827|17-18|97|96.7|97.2|97.5|0|0|.|0|96.9|97|97.2
057828|17-18|78.6|78.5|77.5|79.9|74.9|83.2|81.4|77|81.5|78.9|80.8
057829|17-18|96.1|93.9|96.3|92.8|.|0|.|95.2|94.3|96.2|97.2
057830|17-18|96.8|96.3|96.8|96.1|0|.|0|0|96|96.9|97.2
057831|17-18|95.8|95.8|96.1|0|0|.|.|0|96.1|95.7|0
057833|17-18|95.9|96.5|96.3|95.2|0|97.5|.|96.5|92.7|95.3|97.3
057834|17-18|75.9|78.7|72.1|78.5|71.4|0|0|71.9|77.3|76.4|75.6
057835|17-18|97.1|96|97.2|97|.|0|.|.|97|97.2|97.3
057836|17-18|97.4|97.4|98.5|0|.|.|.|0|96.3|97.2|.
057837|17-18|95.4|94.9|96|97.2|0|.|.|95.4|94|95.3|96.3
057839|17-18|97.3|97.2|97.3|96.7|.|.|0|.|96.8|97.4|97.5
057840|17-18|97.7|98|97.4|97.5|.|98|0|97.2|0|97.9|0
057841|17-18|97.2|97.1|97.3|0|0|.|.|0|96.6|97.2|97.5
057844|17-18|96.4|97.3|94.7|96.2|0|96.2|0|96.5|95.5|96.6|96.7
057845|17-18|96.8|96.5|96.2|97.2|0|97.9|0|96.4|96.7|96.1|97.2
057846|17-18|95.9|95.5|96.4|93.7|0|96.3|.|96.1|95.2|96.1|96.5
057847|17-18|96.3|96.8|96.1|96|.|97.7|.|95.3|96.8|96|98.2
057848|17-18|96.7|96.9|96.7|95.9|96.6|97.6|96.5|96.3|95.8|96.6|97.3
057849|17-18|94.1|93.7|96.6|92.9|0|.|.|.|93.1|94.1|96.3
057850|17-18|94.8|96.3|95.1|93.3|0|0|0|95.7|93.9|94.6|95.8
057903|17-18|95.8|95.5|95.7|95.6|95|97.4|95.1|95.8|95.3|95.9|96.6
057904|17-18|96.1|96.2|95.8|95.9|95.4|98|97.5|96|94.7|95.8|96.7
057905|17-18|95.6|94.1|96|95.8|94.9|97.1|95.5|94.8|94|95.7|96.4
057906|17-18|95.6|95.8|94.7|94.3|91|98|0|95.4|93.9|95.6|96
057907|17-18|94.5|94.2|94.7|93.6|94.1|97|0|93.8|93.7|94.5|96
057909|17-18|96.1|95.9|95.8|95.9|96.9|98.2|97|95.8|94.6|95.9|96.7
057910|17-18|94.8|95.4|94.5|94.7|93.4|97.8|94.9|95.6|93.4|94.5|95.6
057911|17-18|97|97.2|96.9|96.9|94.8|97.9|98|97.3|96.3|0|97.3
057912|17-18|95.8|95.7|95.9|94.9|96.4|97.3|95|95|94.5|96|96.5
057913|17-18|96.6|96.6|96.9|96.1|97|97.7|0|96.4|95.4|96.6|97.4
057914|17-18|96.5|96.5|96.7|96|96.3|98.1|96.6|95.9|95.3|96.5|97.2
057916|17-18|95.8|95.5|95.2|96.4|94.9|97.2|96.3|95.9|94.8|95.5|96.1
057919|17-18|97.8|97.3|97.1|97.6|0|98.5|.|98.2|97|97.2|98.2
057922|17-18|97.3|97.2|96.9|96.9|96.3|97.8|97.9|97.4|96.4|96.5|97.3
058902|17-18|94.8|.|94.6|95|0|.|.|0|95.5|94.3|95.3
058905|17-18|97.8|0|98.1|97.7|0|0|.|0|97.6|98.1|98.3
058906|17-18|94.3|95.2|94.1|94.9|0|97.6|0|94.5|93.9|94.2|93.8
058909|17-18|97.1|0|96.9|97.2|0|0|.|0|96.1|97.1|97.5
059901|17-18|95.6|91.5|95.5|96.5|96.4|98.2|0|95.6|94.1|95.5|96.5
059902|17-18|97|.|97|97|.|.|.|.|96|96.8|97.5
060902|17-18|95.4|95|95.4|95.4|95.5|0|.|95.7|95.1|95.2|98.3
060914|17-18|95.6|95.7|95.7|95.1|0|0|.|95.8|94.3|95.5|0
061802|17-18|95.3|97|95.3|93.9|0|.|0|97|95.2|95.2|95.8
061804|17-18|97.3|97.6|97.1|96.6|0|97.9|.|97.7|96.6|94.9|97.5
061805|17-18|96.4|96.9|96.1|96.2|.|97.3|0|97.2|95.3|96.1|97.1
061901|17-18|96.1|96.4|96.1|96|95.6|97.5|95.5|95.6|95.2|95.8|96.6
061902|17-18|96.5|96.2|96.3|96.4|95.3|97.8|96|96.2|95.7|96.1|96.8
061903|17-18|96.6|95.8|97.3|96.2|95.2|97.3|0|95.5|95.6|96.6|97.6
061905|17-18|96.6|97.8|96.6|96.6|96.5|97.1|0|96.6|96|96.3|97.2
061906|17-18|96.4|98|96.7|96.4|95.4|98.2|.|95|94.6|95.9|96.9
061907|17-18|96.4|96.3|96.4|96.3|95.7|98.7|.|97.5|96|95.9|97.3
061908|17-18|95.8|95.6|96.4|95.7|94|97.2|0|95.7|94.3|95.4|97.1
061910|17-18|96.9|97.1|97|96.8|98.1|97.8|0|96.8|96|96.4|96.9
061911|17-18|96.1|96.7|96.1|96|95.3|97.4|96|96|95.4|95.2|96.9
061912|17-18|96.1|97|96.1|95.9|96.3|97.3|0|96|95.5|95.7|96.4
061914|17-18|96.2|97|96.2|95.9|95.3|97.6|96.5|96.3|94.8|96|96.7
062901|17-18|95.3|95.6|94.9|95.8|0|97.9|0|95.5|93.5|94.6|97.4
062902|17-18|96.4|0|95.3|97.3|.|.|.|.|94|96.3|.
062903|17-18|95.8|94.6|95.4|97|.|98.8|.|94.7|94.3|95.4|96.5
062904|17-18|96.6|96.5|96.1|97|.|.|.|0|95.4|96|96.7
062905|17-18|98.5|0|98.9|98.4|.|.|.|0|0|98.1|.
062906|17-18|97.2|0|95.7|97.6|.|.|.|.|0|95.5|.
063903|17-18|95.9|98.1|95.4|96.1|.|.|.|0|95.3|94.9|0
063906|17-18|97.4|.|98|97|.|.|.|.|95.5|97.1|.
064903|17-18|94.3|97.2|94.2|96|0|99.2|.|0|91.2|93.9|95.5
065901|17-18|96.2|96.2|96.2|96.3|.|.|0|92.5|95.5|96|0
065902|17-18|94.7|0|94.3|94.7|0|.|.|0|92.6|94.1|0
066005|17-18|95.9|.|95.9|.|.|.|.|.|.|96|97.2
066901|17-18|93.6|.|93.6|0|.|.|.|.|92.1|93.5|95.8
066902|17-18|93.4|.|93.3|95.8|.|0|.|.|92.8|93|93.8
066903|17-18|94.7|0|94.7|94.1|0|0|.|0|93.3|94.1|93.6
067902|17-18|96.5|94.8|96.2|96.6|0|99.1|.|95.3|94.3|95.8|98.5
067903|17-18|95.5|94.8|95.8|95.4|0|97.3|.|91.9|94.8|95.1|96.9
067904|17-18|96.3|0|96.9|95.9|0|.|.|94.9|96|96.1|96.6
067907|17-18|94.5|91.2|95|94.6|0|.|.|96.4|94.6|93.9|0
067908|17-18|97.5|0|97.9|97.4|.|0|.|0|95.8|97.4|98.7
068802|17-18|96.8|97.6|96.8|96.8|0|0|.|95.4|96.1|96.4|0
068803|17-18|95.6|94.7|96.1|95.5|0|0|0|91.2|95.2|95.6|96.2
068901|17-18|94.6|94.1|94.6|94.7|91.9|97.2|93.5|93.8|93.5|94.2|95.4
069901|17-18|96.7|.|96.8|96.2|.|.|.|.|96.5|96.5|94.1
069902|17-18|96.2|0|95.8|96.4|0|.|.|0|97.2|96.1|0
070801|17-18|95.1|94.1|95.5|95.1|0|0|.|93.3|94.9|95.3|95.7
070901|17-18|96.2|94.1|96|96.4|.|0|0|0|95.7|95.7|97
070903|17-18|95.8|95.5|95.9|95.8|94.1|95.3|96.4|95|94.7|95.6|96.8
070905|17-18|96.1|96.3|96.3|95.3|96.2|0|0|95.8|94.7|96.1|96.9
070907|17-18|95.9|95.7|96.4|95.9|0|0|.|94.1|94.3|95.8|96.7
070908|17-18|96.5|97.6|96.5|96.4|96.2|97.6|94.6|95.9|95.9|95.9|97.5
070909|17-18|96.8|97.5|97.1|96.4|.|.|.|95.6|96.2|96.6|96.5
070910|17-18|96.6|96.7|96.8|96.4|0|0|.|96.7|96.4|96.2|97.4
070911|17-18|96.6|97.4|96.8|96|96.8|97.8|98.3|96.4|95.4|96.4|97.5
070912|17-18|96.2|96.4|96.2|96.1|94.4|98.3|98.1|96.4|95.2|95.8|97.2
070915|17-18|96.5|96.3|97|96.4|0|97.6|0|96.9|96.5|96.3|97.6
071801|17-18|96.6|98.5|96.5|96.5|0|98.7|0|95.1|95.8|96.1|96.6
071803|17-18|90.7|0|90.8|0|.|.|.|.|92.1|91.6|93.1
071804|17-18|85.9|0|85.8|86.3|0|.|.|0|87.9|86.4|86.8
071806|17-18|95.9|96.2|95.9|95.7|95.2|97.5|0|96.9|95.3|95.8|96.1
071807|17-18|96.9|.|96.9|0|.|.|.|.|94.9|97|97
071809|17-18|97.5|99.8|97.5|97.2|0|0|.|0|96.4|97.6|97.7
071810|17-18|96.1|0|96.1|96.5|0|0|.|.|95.4|96.2|95.7
071901|17-18|96.2|96.4|96.2|95.7|95.5|97.4|0|96.8|94.7|96.1|96.5
071902|17-18|95.3|96|95.2|95.8|95|97.5|96.3|95.7|94.1|95|95.3
071903|17-18|95.4|0|95.4|95.7|.|0|.|0|94.4|95.4|95.9
071904|17-18|95.5|0|95.5|94.5|0|.|.|0|94.4|95.5|96
071905|17-18|96|96.3|96|95.6|96.1|98.2|97.1|95.6|95.1|95.9|96.5
071906|17-18|96.1|0|96.1|96.7|.|.|.|0|96.1|96.2|96.3
071907|17-18|96.1|98.1|96.1|96.2|94.4|98|0|97|95.1|95.9|96.3
071908|17-18|96.1|.|96.1|0|0|.|.|.|95.5|96.2|96.3
071909|17-18|96.1|96.5|96.1|95.8|95.4|98|96.8|96.6|94.9|96|96.3
072801|17-18|92.1|93.6|89.5|94.8|93.5|97.5|95.9|94.4|94|91.5|87.2
072802|17-18|88.9|0|88.6|89|0|.|.|0|91.2|89|0
072901|17-18|97|.|97.7|96|.|.|.|0|94.7|97.2|97.8
072902|17-18|96.6|95.8|97|95.9|0|0|.|95.6|95.8|96.6|97.3
072903|17-18|96|94.3|96.3|95.8|97|98.4|.|96.3|94.7|95.4|97.1
072904|17-18|96.6|.|94.6|96.8|0|.|.|0|0|95.9|0
072908|17-18|96.7|.|97.3|96.6|0|0|.|0|94.7|97.4|0
072909|17-18|97|.|97.7|96.3|.|.|.|0|97|97.2|98.1
072910|17-18|96.8|.|96.7|96.7|.|.|.|0|95.2|96.1|0
073901|17-18|95.5|94.9|95.9|95.2|0|0|0|94.8|94.7|95.3|96.5
073903|17-18|94.9|95.2|95|91.9|0|0|.|92.2|94.1|95|95.2
073904|17-18|97.5|0|97.6|97.5|.|.|.|0|96.9|96.8|0
073905|17-18|94.4|94.5|94.2|94.3|.|0|.|95.9|94.2|93.8|96.4
074903|17-18|96.4|96.4|97.1|96.1|97.2|97.8|0|96.2|95.3|96.3|97.9
074904|17-18|97.5|0|98.2|97.4|.|0|.|97.1|95.7|97.2|98.7
074905|17-18|96.1|0|96|96.1|.|0|.|0|95.9|95.8|0
074907|17-18|96.7|97.1|97.1|96.7|93.2|.|.|96|96.4|96.6|97.9
074909|17-18|95.3|95.9|94.7|95.5|92.5|0|0|95.8|93.1|94.6|96.2
074911|17-18|97.4|0|97.4|97.4|0|0|.|96.6|97.1|96.9|.
074912|17-18|96.1|96.2|96.4|96.1|96.5|0|.|94.2|95.4|95.8|96.5
074917|17-18|96.6|0|96.5|96.7|0|.|.|94.5|96.7|96.5|97.9
075901|17-18|97.1|96.7|97|97.3|0|0|.|0|96.1|96.7|97.3
075902|17-18|96.3|96|96.2|96.5|0|98.6|.|95.8|94.9|95.8|96.9
075903|17-18|96.5|96.4|96|97.1|0|99.5|.|95|95.5|95.8|95.6
075906|17-18|96.9|0|96.6|96.9|.|0|.|0|96.9|96.5|97.7
075908|17-18|97.3|96.5|97|97.4|0|.|.|96.5|96.2|96.7|98
076903|17-18|97|0|96.5|97.3|.|0|.|0|96.4|96.7|96.5
076904|17-18|96.4|0|96|96.9|0|.|.|95.9|93.9|95.8|0
077901|17-18|95.3|92.7|95|97.4|0|.|.|0|95|94.7|95
077902|17-18|96|93.9|95.8|96.8|.|.|.|0|94.7|95.9|96.4
078901|17-18|96|0|96.8|95.4|.|0|.|0|95.7|95.7|0
079901|17-18|96|96.5|95.5|96.1|94.5|97.4|96.9|96.2|94.7|95.5|96.7
079906|17-18|96.9|97.2|96.8|97|94.8|99.3|.|95.6|95.9|96.4|97.4
079907|17-18|96.9|96.8|96.2|96.7|97.2|98|97.2|97|95.1|96.3|97
079910|17-18|96.1|96.6|95.6|94.1|95.8|97.7|95.8|94.8|94.8|96|97
080901|17-18|96.1|95.8|96.6|95.9|0|98.1|0|95.9|95.2|96|97.2
081902|17-18|96.4|97|96.8|96.1|93.7|97.6|0|95.9|95.5|96|97.1
081904|17-18|95.1|95.2|94.9|95.1|0|0|.|95.3|93.7|94.6|95.9
081905|17-18|95.7|96.1|96|95.5|0|0|.|0|94.7|95.6|97.2
081906|17-18|95.7|96.7|96.8|95.4|.|.|.|0|93.8|95.8|0
082902|17-18|94.7|0|94.8|93.8|0|96.6|.|0|93.7|94.3|95
082903|17-18|94.8|96.7|94.7|95.6|0|0|0|0|93.5|94.7|95
083901|17-18|94.9|96.1|95|93.7|.|.|.|0|93.6|94.7|95.8
083902|17-18|95.6|0|94.7|96.7|.|.|.|.|95.5|95.4|95.5
083903|17-18|95.6|96.7|95.4|95.7|94|97.3|0|95.6|93.9|95.4|95.6
084802|17-18|96.8|97.1|96.9|96.6|98.2|95.7|.|96.5|95.9|96.8|97
084804|17-18|97|97.1|96.8|96.4|0|98.7|.|0|96.2|96.9|.
084901|17-18|95.1|95.5|95.2|94.6|96.4|97.5|94.7|94.4|93.5|94.7|96.1
084902|17-18|93.9|93.3|94.1|94|93.3|97.3|95.5|93.1|91.9|93.7|94.5
084903|17-18|95|0|94.8|94.8|0|0|.|98.3|95.4|95|0
084906|17-18|93|92.8|93.4|92.6|93.4|94.4|89.5|92.9|90.8|92.8|94.9
084908|17-18|94.8|94.8|95.2|94.5|0|0|0|92.6|93.9|94.4|95.8
084909|17-18|95.2|95.9|95.4|95.1|95.6|98.1|.|94.4|93.8|94.5|96.5
084910|17-18|95.8|96.1|95.6|95.6|96.1|97.4|95.5|96|94.7|95|96.4
084911|17-18|96.3|97.5|96.1|96.2|97.3|97.7|93.1|96.8|95.9|95.4|96.9
085902|17-18|95.2|95.7|95|95.6|93.1|0|0|95|94.7|94.8|96.2
085903|17-18|96.1|0|96.3|95.8|.|.|.|.|98|95.9|.
086024|17-18|0|.|.|0|.|.|.|.|.|.|.
086901|17-18|95.6|0|95.5|95.8|90.6|97.8|95.1|95.2|94.3|95.2|96.2
086902|17-18|96.6|0|96.7|96.6|0|.|0|0|95.9|95.9|98.8
087901|17-18|97.4|.|97|97.7|.|0|.|.|95.7|96.8|97.9
088902|17-18|96.2|95.6|95.7|96.7|0|0|.|96.9|95|95.4|95
089901|17-18|96.3|96.4|96.1|96.8|0|97.7|0|96.9|94.8|96|97.4
089903|17-18|95.7|95.4|96|94.6|.|.|.|0|93.9|95.7|96.5
089905|17-18|94.8|95.1|94.7|94|.|.|.|0|91.1|94.6|97.3
090902|17-18|95.5|0|94.5|95.6|.|0|.|0|95.1|96.1|0
090903|17-18|95.3|0|96.9|95|.|.|.|0|94.3|94.6|0
090904|17-18|95.7|95.3|95.7|95.8|95.8|97.7|0|94.7|94.7|95.4|96.3
090905|17-18|97|0|0|97.1|.|.|.|.|0|95.9|.
091901|17-18|97.3|95.4|97.5|97.2|96.7|.|0|97.7|97.4|96.9|97.4
091902|17-18|95.8|0|96.6|95.7|0|.|.|93.7|94.2|95.4|97.4
091903|17-18|95.5|95.7|96|95.4|94.8|97.5|0|95.4|94.3|95.2|96.9
091905|17-18|96.3|95.9|96.5|96.3|94.6|0|0|96.2|95.6|96|97.2
091906|17-18|95|94.6|95.3|94.7|92.1|97.6|0|94.8|93.9|94.9|96.2
091907|17-18|95.8|0|97|95.5|95.7|0|.|92.4|95.4|96|97.2
091908|17-18|96.3|96.7|96.7|96.3|96|97.8|.|95.5|95.8|95.8|97.6
091909|17-18|96|97.4|96.6|95.9|95.8|0|0|95.8|94.6|95.2|97.1
091910|17-18|95.7|96.8|95|95.7|94.5|0|.|96.2|93.8|94.9|96.6
091913|17-18|96.1|0|96.7|96.2|96.4|95.3|.|95.1|94.9|95.4|96.1
091914|17-18|96.3|0|95.9|96.4|96.6|0|.|95.4|94.9|95.7|97.2
091917|17-18|96.5|0|96.8|96.4|94.6|0|.|97|94.7|96.2|97.8
091918|17-18|95|96|95.7|94.9|0|0|0|94.2|94|94.1|95.4
092801|17-18|95.3|0|96.5|95|.|0|.|0|95.3|95.1|.
092901|17-18|95.4|95.7|96.3|95|0|98.3|0|94.8|93.9|95.2|97.1
092902|17-18|95.7|95.5|96.3|95.2|95.3|98.1|0|95.5|94|95.7|96.9
092903|17-18|96.9|96.9|97.1|96.6|96.4|97.8|95.4|95.8|95.9|96.7|97.3
092904|17-18|95.7|96.3|95.8|95.2|94.2|96.8|0|95.4|94.9|95.5|96.3
092906|17-18|96.3|96.4|96.9|96.1|0|96.6|.|96.1|95.4|96|97.3
092907|17-18|96.6|96.7|96.7|96.6|95.9|97.6|96.7|95.9|95.6|96.2|97.2
092908|17-18|96.4|96|96.6|96.4|96.7|97.7|.|95.7|94.5|95.8|96.9
093901|17-18|96.1|96.4|95.4|96.1|0|0|.|96.1|95.3|95.2|97.1
093903|17-18|97|97.3|97.4|96.9|.|.|.|0|95.5|96.5|0
093904|17-18|95.8|95.9|96.2|94.8|97.1|97.7|.|94.9|94.3|95.7|96.7
093905|17-18|96.2|95.8|95.8|96.4|.|.|.|0|95.6|96|0
094901|17-18|93.3|93.9|92.9|94.3|93|96.9|0|93.6|91.2|92.9|93.3
094902|17-18|95.8|96.6|95.6|95.7|96|97.3|95.6|96.3|94.5|94.9|96.1
094903|17-18|96.2|97.7|95.9|96.5|0|97.7|0|96|95|95.5|96.6
094904|17-18|95.7|96.3|95.5|95.9|0|96.8|0|95.4|94.6|94.8|96.6
095901|17-18|96.7|97.4|96.3|97.3|0|0|.|97.4|94.7|96.1|95.5
095902|17-18|95.7|.|94.6|96.8|.|0|.|0|95.9|95.6|.
095903|17-18|95.1|94.3|95.1|95.5|0|0|.|91.8|95.2|95|96.8
095904|17-18|96.4|0|96.2|97.4|.|.|.|0|94|96.1|96.1
095905|17-18|94.9|95.2|94.7|95.6|95.1|97.5|0|95.8|93.8|94.8|95.9
096904|17-18|95.7|96.9|95.5|95.7|0|0|.|0|94.2|95.5|96.7
096905|17-18|96.6|0|96.2|96.6|.|.|.|0|96.4|96.5|97.7
097902|17-18|96.1|0|96.4|96|0|0|.|96.1|95.2|95.5|96.6
097903|17-18|96.6|0|97.2|96.5|.|0|.|0|95.2|96.6|97
098901|17-18|97.4|.|97.7|97|.|0|.|0|96.5|97.6|97.8
098903|17-18|95.7|.|95.9|95.5|.|.|.|.|95|95.6|97.1
098904|17-18|97.2|.|97.2|97.2|.|0|.|0|95.8|97|97.1
099902|17-18|96.8|.|97.6|96.1|0|.|0|98.2|96.9|96.7|97.8
099903|17-18|96.5|94.7|96.5|96.5|0|99.2|.|96.4|95.1|96.3|95.1
100903|17-18|94.9|95.3|95.1|94.7|0|97.2|0|94.3|94.6|94.2|97.3
100904|17-18|95.6|95.8|96.3|95.4|93.9|97.6|0|96.2|94.6|94.9|97.3
100905|17-18|96.4|96.6|96.7|96.4|94.7|97.1|0|95.5|96|95.6|97.5
100907|17-18|95.5|94.6|96.3|95.4|95.6|98|0|95.2|93.2|93.7|96.9
100908|17-18|94.4|0|95.4|94.4|0|.|.|94.9|93.3|93.8|0
101802|17-18|97.2|94.6|97.3|0|0|0|.|.|97.6|97.2|97.3
101803|17-18|96.8|97.3|97.1|96.7|0|96.7|.|95.7|96.7|96.6|97.5
101804|17-18|93.6|93.8|93.6|91.5|0|0|.|0|92.9|93.8|94.3
101806|17-18|96.9|0|96.9|0|0|0|.|0|96.4|97|97.1
101807|17-18|96.6|96.4|96.4|97.3|.|0|.|0|97.2|96.2|97.2
101810|17-18|97.6|96.6|98.2|0|98.8|98|.|98.7|97.7|97.7|98.4
101811|17-18|74.5|73.1|75.6|0|.|.|.|.|0|75|74.1
101813|17-18|97.4|97.1|97.5|97|97.8|98.5|0|97.2|96.6|97.4|97.8
101814|17-18|95.6|95.4|95.8|96.5|0|0|.|0|94.4|95.7|96
101815|17-18|97.5|98.1|97.1|0|.|97.9|.|0|97.5|97.3|97.3
101819|17-18|98.3|0|98.3|0|.|0|.|.|97.7|98.3|98.3
101821|17-18|96.3|96.7|96.2|97.2|.|0|.|0|97.1|96.2|.
101828|17-18|97.3|97.1|97.3|98.2|0|0|.|0|96.1|97.3|97.7
101837|17-18|97.2|97.9|97.3|96.5|.|98.3|.|97.7|97.1|97.8|98
101838|17-18|95.2|95.6|95.4|92.8|0|0|.|0|94.4|95.7|96
101840|17-18|97.2|97.1|97.6|0|.|.|.|.|95.4|97.1|0
101842|17-18|93|95.8|93.4|90.9|.|0|.|0|0|93.2|95.4
101845|17-18|96.5|95|96.7|96.2|96|96.9|0|93.4|95.5|96.5|96.6
101846|17-18|96.4|96.8|96.2|95.4|95.9|96.8|0|97.5|95.5|96.4|96.5
101847|17-18|96.1|96.2|92.7|.|.|.|.|0|95|96.2|.
101849|17-18|97.4|97.2|97.7|0|0|0|.|.|96.3|97.4|97.8
101853|17-18|96.2|97.9|96.5|94.5|0|93.3|.|0|95|96.2|96.3
101855|17-18|96.4|96.1|97.8|0|.|0|.|0|97.9|96.4|.
101856|17-18|98.5|0|98.5|0|.|.|.|.|98.4|98.5|98.5
101858|17-18|96.2|96|96.1|96|95.9|97.2|0|96.1|95.2|95.9|96.4
101859|17-18|98.2|98.3|98.1|94.7|0|98.4|0|0|97.5|98.1|98.4
101861|17-18|96.8|96.7|97.2|97.9|0|96.5|0|96.4|96.3|96.6|97.6
101862|17-18|96.9|97.8|96.2|96|97.3|97.1|0|95.8|95.1|97|96.8
101864|17-18|95.9|95.7|97|0|.|.|0|.|95.9|96.3|0
101868|17-18|94.2|94.2|94.7|0|.|.|.|0|94.3|94.5|0
101870|17-18|97.4|97.1|97.4|96.9|0|0|.|0|97.6|97.3|97.6
101871|17-18|97.1|96.2|97.8|98.5|.|0|.|0|96|96.2|0
101902|17-18|94.5|94.1|94.6|93.4|94.6|97|93.5|94|93|94.6|95.4
101903|17-18|95.2|95.1|94.7|95.1|92.8|97.5|94.7|95|93.5|95.3|95.7
101905|17-18|95.7|95.8|95.8|95|96.2|98|94.7|94.2|94.9|95.8|96.5
101906|17-18|95.1|95.5|95.3|94.8|96.7|97.9|0|94.7|93.5|94.9|95.8
101907|17-18|95.9|95.7|95.7|95.9|95.9|97.6|96.6|96.1|94.5|95.6|96.3
101908|17-18|95.7|94|95.7|95.9|94.5|97.8|97.4|95.5|94.4|94.9|96.2
101910|17-18|96.1|95.9|96.2|95.4|96.2|97.1|95.8|96.7|94.9|96.2|96.7
101911|17-18|95.2|94.7|95.5|94.6|94.1|98.1|96.2|94.9|93.6|95.1|96.5
101912|17-18|95.5|94.1|95.7|96.8|94.6|97.8|96.3|96.4|93.1|95.4|96.4
101913|17-18|95.9|95.9|95.7|96|95|97.4|92.8|95.8|94.2|95.1|96.2
101914|17-18|96.7|96.7|96.4|96.5|96.4|97.9|97.1|96.7|95.6|96|97.2
101915|17-18|95.7|95.1|95.5|95.7|93.7|97.2|94|95.7|94.2|95.2|96.2
101916|17-18|95|94.9|95.4|94.6|93.1|97.1|95.3|94.6|94.3|94.6|96.3
101917|17-18|94.6|93.8|94.7|93.4|94.1|97.6|93.4|94.1|92.7|94.7|95.8
101919|17-18|93.8|93.1|94.1|94.2|93.7|95.9|92.7|95.3|92.2|94.1|95.4
101920|17-18|95.9|94.6|95.5|96.5|94.3|97.9|92.6|96.2|94.2|95.4|96
101921|17-18|96.5|96.5|96.5|96.4|95.8|98.1|97.9|96.6|95.3|95.7|97.2
101924|17-18|95.4|94.9|95.6|94.2|94.4|98|0|95.8|93.8|95.5|96.3
101925|17-18|95.8|96.7|96.2|95.6|0|97.6|0|94.8|93.8|95|97.4
102901|17-18|95.4|96.4|97.4|92|.|.|.|95.2|94.9|95.4|97.7
102902|17-18|93.6|93|94.7|92.9|97.3|95.9|0|93.4|91|93.7|96
102903|17-18|95.6|96|96.7|95.1|.|0|.|94.9|94.1|95.6|96.8
102904|17-18|96.4|96.9|96.5|96.3|95.6|98.2|0|96.1|95.3|95.6|96.3
102905|17-18|95.8|97.2|95.8|95.8|0|0|.|96.4|94.4|95.2|0
102906|17-18|96.4|97.3|96.6|96.2|0|0|.|96.4|95.7|95.7|95.8
103901|17-18|96.4|0|96.5|96.3|.|.|.|0|97.6|96.6|96.7
103902|17-18|96.6|.|97|96.1|.|.|.|.|96.4|96.9|97.2
104901|17-18|95.4|96.2|95.1|95.7|93.6|0|.|92.8|94.4|94.9|98.2
104903|17-18|96.5|0|96.4|96.5|0|.|.|0|93.9|96.4|92.6
104907|17-18|95.5|.|95.4|95.5|.|.|.|0|95.6|95.5|.
105801|17-18|89.2|0|83.9|90.8|.|.|.|88.6|86.6|87|.
105802|17-18|96.1|95.4|96.3|96.9|0|0|.|0|94.7|95.9|.
105803|17-18|98.3|97.9|98.6|98.3|98.4|0|0|0|98.4|98.4|0
105902|17-18|94.3|94.5|94.2|94.8|95.3|97|98.1|94.8|93.4|93.9|96.1
105904|17-18|96|97.5|95.8|95.9|96.5|96.9|95.5|96.2|95.1|95.1|96.3
105905|17-18|96.1|97.4|96.5|95.9|94.9|96.6|.|96|95.2|95.6|97.4
105906|17-18|95.4|96.1|95.1|95.8|95.5|97.6|97.7|96.2|94.1|94.9|95.7
106901|17-18|96.9|0|97.2|96.7|0|0|.|94.1|95.8|96.8|97.1
107901|17-18|95.6|96|96|95|95.5|98.1|0|94.8|94.3|95.5|96.5
107902|17-18|95.8|96.4|96.5|95.5|95.6|98.2|0|96.1|94.6|95.3|97
107904|17-18|95.9|0|96.3|95.9|.|0|.|92.3|94.8|95.6|96.1
107905|17-18|96.8|96.5|97.4|96.7|95.6|0|0|97.9|96.2|96.4|98.9
107906|17-18|95.8|97.3|96.4|95.4|0|98.2|0|95.7|94.6|95.8|97
107907|17-18|95.8|96.9|95.6|95.6|.|0|.|95.8|93.5|96.2|0
107908|17-18|95.9|.|96.3|95.9|.|0|.|0|95.7|95.3|96.7
107910|17-18|95.9|96|97.4|95.7|0|0|.|0|94.4|95.6|0
108802|17-18|96.1|0|96.1|95.6|96.7|97.9|.|0|95.7|96|96.3
108804|17-18|88|0|88.1|0|.|.|.|.|90.6|88.3|88.6
108807|17-18|97.8|97.7|97.8|97.1|97|98.9|97.2|97.4|97.2|97.7|98
108808|17-18|97.8|98.5|97.8|97.3|.|99.2|.|0|96.8|97.8|97.7
108809|17-18|94.7|0|94.7|.|.|.|.|.|93.5|94.7|94.5
108902|17-18|94.8|92.9|94.8|95.5|.|0|.|0|93.5|94.8|95.1
108903|17-18|95.5|0|95.5|95.1|.|.|0|.|94.4|95.6|95.3
108904|17-18|95.8|97.3|95.8|95.4|94.2|98.2|90.1|96.1|94.1|95.6|96
108905|17-18|95.8|0|95.8|0|.|0|.|.|94.4|95.6|95.9
108906|17-18|95.5|96.8|95.5|95.3|92.1|98|0|95.6|93.9|95.2|96.2
108907|17-18|95.1|95.9|95.1|95.3|94.7|0|.|97.2|93.7|94.9|95.4
108908|17-18|94.8|92.3|94.8|95|0|98.7|.|93.2|91.8|94.5|95.3
108909|17-18|96.2|95.7|96.2|96.5|95.2|97.6|.|0|95.5|96.1|96.2
108910|17-18|95.8|.|95.8|94.4|.|.|.|.|93.7|95.8|95.7
108911|17-18|97|96.8|96.9|96.8|0|98.4|0|96.9|96|96.7|97.1
108912|17-18|94|0|94|91.9|0|0|.|0|92.8|93.9|94.7
108913|17-18|96.1|97.1|96.1|96.2|95.7|98.4|.|0|95|95.9|96
108914|17-18|95.5|.|95.5|0|.|.|.|.|93|95.5|95.1
108915|17-18|95.5|.|95.4|96.1|.|.|.|.|93.2|95.3|94.9
108916|17-18|96.3|.|96.3|97.3|0|.|.|.|95.1|96.2|96.4
109901|17-18|97.6|0|96|98|.|.|.|94.9|97.1|96.4|0
109902|17-18|97.2|98.6|97.2|97|.|.|.|97.3|98.1|96.9|0
109903|17-18|96.6|.|96.6|96.5|0|.|.|98.3|95.7|96.3|0
109904|17-18|95.6|94.4|96|95.3|0|98.7|.|95.8|93.6|95.6|97.5
109905|17-18|95.3|94.2|96.4|95.3|0|.|.|95.3|90.9|95.1|0
109907|17-18|96.2|96.1|95.9|96.5|0|97.4|.|96|95.7|96|96.9
109908|17-18|96.8|0|97.8|95.7|.|.|.|0|96.5|96.8|97.1
109910|17-18|96.4|95.2|97.7|96|0|.|.|97.2|96.1|96.6|98.3
109911|17-18|95.5|94.8|96.5|95.3|93.8|97.1|0|92.8|93.7|95.1|97.5
109912|17-18|97|0|97.2|97.1|.|.|.|95.4|96|96.8|97.6
109913|17-18|96.3|0|96.5|96.3|0|.|.|95.9|96.2|96.2|0
109914|17-18|97|0|97.9|96.6|.|0|.|0|95.7|96.8|98.6
110901|17-18|96|95.3|95.7|97|.|.|.|97.3|96.4|95.8|96.9
110902|17-18|95.8|94.6|95.7|96.2|94|98.2|0|95.6|94.2|95.3|97
110905|17-18|95.9|0|94.8|96.6|0|0|.|0|95.8|94.6|0
110906|17-18|96.4|98.7|96.1|96.8|0|.|.|0|95.6|96|95.6
110907|17-18|97.1|98.2|97.1|97|0|0|.|0|96.4|96.9|96.9
110908|17-18|97|0|96.7|97.1|.|.|.|0|95.9|96.9|.
111901|17-18|95.3|95.2|95.8|95.2|94.4|97.8|97.8|94.5|94|94.6|96.6
111902|17-18|96.4|0|96.6|96.4|0|.|.|97.4|95.7|96|94.9
111903|17-18|96|0|96|96|0|0|.|0|95.8|95.3|97.6
112901|17-18|96.1|96.5|96.9|95.8|95.7|97.6|0|95.3|95|95.9|97.3
112905|17-18|94.8|92.8|96.7|94.6|0|.|.|0|92.2|94.3|96.3
112906|17-18|96.7|0|97.4|96.4|0|0|.|96.8|95.8|96.7|97.7
112907|17-18|96.6|.|96.9|96.6|0|.|0|0|96.3|96.6|97.7
112908|17-18|95.7|97|96.5|95|0|0|.|96.3|94|95.7|96.9
112909|17-18|97.5|99.1|97.4|97.5|.|.|.|0|97.3|97.3|97.3
112910|17-18|96.5|98.1|97.4|96.3|.|.|0|95|96.2|96.1|96.8
113901|17-18|95.7|95.7|96.2|94.5|0|0|.|95.5|94.3|95.8|96.8
113902|17-18|95.7|95.8|95.8|95.7|0|0|0|95.5|95.3|95.2|96.8
113903|17-18|96.8|97.6|96.6|96.7|.|0|.|97|96.4|96.5|96.5
113905|17-18|95.7|95.6|97|95.5|0|0|.|94.7|93.5|95.6|0
113906|17-18|95.7|96.2|94.8|95.7|0|0|.|0|94.8|95.5|0
114901|17-18|94.8|95|94.6|95.2|0|98|0|95|94.6|94.5|95.6
114902|17-18|95.6|97.2|95.9|95.4|0|0|.|94.9|94.7|95.1|98.9
114904|17-18|96.9|95.9|97|96.8|0|98.1|.|96.4|96.1|95.8|0
115901|17-18|96.6|.|96.5|96.9|.|0|.|0|95.9|96.5|96.7
115902|17-18|94.6|0|95.1|93.1|.|0|.|0|94|94.5|93.2
115903|17-18|95.9|.|96|95.7|0|.|.|.|96.3|96.1|95.7
116901|17-18|96.9|97.2|97.1|96.9|94.3|97.4|.|96.5|96|96.4|97.1
116902|17-18|96.2|97.5|96.2|96.2|0|.|.|96.9|96|95.9|95.3
116903|17-18|95.3|95.4|95.5|95|95.7|97.2|96.4|95|94.5|95.1|96.6
116905|17-18|95.3|95.2|95.6|95|95.1|98.3|94.6|94.2|93.7|95.1|96.2
116906|17-18|96.2|96.7|97.5|96|96.9|0|0|96.8|95.3|95.6|97.3
116908|17-18|94.3|95.5|94.9|94|95.6|98.2|0|94.7|92.9|94.1|95.2
116909|17-18|96.5|96|96.9|96.4|0|0|.|97.4|96.2|96.2|95.9
116910|17-18|95.1|0|95.3|95|0|0|.|0|94.5|95|95.3
116915|17-18|97|0|97.3|96.8|0|.|0|97|95.5|97.1|97.8
116916|17-18|96|96.1|96.3|96|0|0|0|95.3|95.6|95.8|0
117901|17-18|95.6|94.3|95.7|95.5|94.5|97.9|0|95.4|94.5|95.3|96
117903|17-18|95.8|0|96|95.9|92|0|0|95.8|94.6|95.4|.
117904|17-18|95.3|0|95|95.4|94.4|.|0|94.5|93.5|94.2|0
117907|17-18|97.4|.|97.1|97.3|0|.|.|0|0|97|.
118902|17-18|95.9|0|96.3|95.7|.|.|.|0|93.9|95.5|.
119901|17-18|96.5|0|95.7|96.6|0|.|.|0|96.4|95.9|98.5
119902|17-18|96.2|97|96.7|95.9|96.3|0|.|95.5|95.9|95.9|97.3
119903|17-18|95.4|.|96.1|95.3|0|.|.|94.5|94.7|95.2|98
120901|17-18|95.2|94.8|94.9|95.7|0|97.9|0|96.4|93.8|94.5|95.5
120902|17-18|97.3|97.5|97.2|97.4|.|.|.|96.4|96.1|97|97.6
120905|17-18|96.3|96.4|95.8|96.6|0|0|.|0|95.8|95|97.2
121902|17-18|94.6|96.3|95.4|94.6|0|0|.|92.6|92.3|94.2|.
121903|17-18|95.5|96.3|96|95.4|96.1|.|.|94.7|95.2|94.7|97.2
121904|17-18|95.2|95.4|96.7|94.2|0|98.2|95.5|95.7|94.1|95.3|96.8
121905|17-18|95.1|96.1|96.1|94.9|0|96.8|0|95.8|92.9|94.7|97.4
121906|17-18|95.5|.|97.4|95.5|.|.|.|95.6|93.4|94.9|0
122901|17-18|95.6|.|95.9|95.2|.|.|.|0|95.1|95.6|96.7
122902|17-18|96.6|.|97.4|94.6|.|0|.|.|0|96.9|97.8
123803|17-18|96.1|96.2|95.7|95.9|0|.|.|0|96.2|96.1|.
123805|17-18|97.4|96.6|97.9|96.6|0|0|.|0|96.5|97.3|98.2
123807|17-18|96.9|96.4|97|94.9|.|0|.|0|95.4|97|97.2
123905|17-18|96.1|96|96.2|95.9|94.2|98|95.2|96.4|95|95.5|95.8
123907|17-18|93.5|92.7|94.2|91.4|94.6|95.8|0|95|92.2|93.6|95.4
123908|17-18|96.3|96.4|96.3|96.2|94|98.1|0|95.6|95.3|95.7|96.9
123910|17-18|94.2|93.8|94.8|94.6|94|97.4|96.8|94.2|91.7|93.9|95.6
123913|17-18|97|98.1|97.2|96|0|0|.|0|98.1|97.1|0
123914|17-18|95.5|95.6|96.3|95.2|93.8|97.9|0|95.5|93.2|94.8|97.5
124901|17-18|93.4|95.4|93.4|92|0|0|.|0|89.3|93.3|94.3
125901|17-18|94.1|95|94|94.4|0|98.7|.|95.8|92.2|93.8|94.3
125902|17-18|93.6|0|93.6|94.4|.|0|.|.|90.7|93.3|94.3
125903|17-18|95.3|0|95.2|95.5|.|97.8|.|97|93.7|94.9|96.9
125905|17-18|92|.|91.9|93.5|.|0|.|.|90.7|91.7|95.3
125906|17-18|97.1|0|97.1|0|.|.|.|.|0|96.4|.
126801|17-18|88.2|0|90.3|87.1|0|.|0|0|0|82.5|.
126901|17-18|95.5|96.1|95.6|95.4|95.6|97.7|0|94.6|94.8|95|96.4
126902|17-18|96.1|96.8|95.9|96.1|96.3|97.3|97.6|95.6|94.9|95.4|96.3
126903|17-18|95.1|94.6|95.5|94.7|95.3|97|94.6|95.1|93.8|94.8|96
126904|17-18|97.1|97.3|97.3|97|96.9|99.3|0|96.1|96.2|96.7|97.5
126905|17-18|96|96.8|96.3|95.9|95.8|97|0|95.7|95.1|95.6|96.9
126906|17-18|95.1|94.6|96|94.1|0|0|95.9|92.8|91.6|95|96.5
126907|17-18|95.2|0|96.2|95|0|.|.|94|94.2|95.1|97.2
126908|17-18|96.8|97.6|96.9|96.5|95.8|97|0|96|95.8|96.8|97.4
126911|17-18|95.8|95.6|96.3|95.7|96.2|0|0|96.3|95.7|95.6|96.8
127901|17-18|96.3|92.3|95.8|97.1|0|98.8|.|95.3|95.8|96|96.7
127903|17-18|96.6|94.9|96.8|96.7|.|0|.|95|96.1|96.5|98.6
127904|17-18|95.8|0|95.7|95.8|.|.|.|93.8|95.1|95.5|0
127905|17-18|95.5|0|95.9|95.6|.|.|.|0|94.6|95.5|0
127906|17-18|96.6|96.3|96|97.3|0|0|.|97.2|94.4|96.2|97.3
128901|17-18|96.2|96.6|95.6|97.6|0|.|0|0|95.3|95.6|95.8
128902|17-18|94.8|96.1|94.9|93.8|0|.|.|95.2|94.6|94.6|96.9
128903|17-18|94.3|0|94.3|94.6|0|.|.|.|93.9|93.9|0
128904|17-18|97.9|0|96.9|98.1|.|0|.|0|97.1|96.7|99
129901|17-18|96.3|96.6|96.9|96|96|98.3|0|95.9|95.4|96|97.3
129902|17-18|96.5|97|96.7|96.2|95.7|97.9|96.1|96.8|95.7|96|97.4
129903|17-18|96|95.8|96.6|95.5|95.7|94.2|0|95.4|94.9|96|96.9
129904|17-18|94.8|94.4|95.6|94.6|0|0|0|94.1|93.2|94.7|96.3
129905|17-18|96|96.3|96.7|95.9|96|98.7|0|96|95.3|95.7|97.9
129906|17-18|95|95.3|95.4|93.8|91.3|97.2|0|94.6|93.4|94.9|95.8
129910|17-18|96.3|96.9|96.1|96.3|0|0|.|97.6|95.5|96.1|96.2
130801|17-18|83.1|.|80.1|89.7|.|.|.|0|0|84|.
130901|17-18|96.3|97.3|96|96.3|96.5|97.7|94.8|96.4|95|95|96.5
130902|17-18|95.8|0|95.8|95.7|0|0|.|97.9|94.8|95.3|96.4
131001|17-18|96.6|0|96.5|0|.|0|.|0|96.3|96.2|0
132902|17-18|96.1|0|95.4|96.5|.|.|.|0|94.8|95.3|.
133901|17-18|96.3|96.7|96.9|95.4|0|0|.|0|95|96.4|97.5
133902|17-18|97.1|.|97.6|97|.|0|0|0|97.2|97.1|97.4
133903|17-18|96|95.3|95.9|96|95|98.6|97.4|96.1|94.4|95.5|97.2
133904|17-18|95.9|0|96.2|95.6|0|0|0|95|95.4|95.9|97.3
133905|17-18|96.7|.|0|97.3|.|.|.|0|0|.|0
134901|17-18|95.7|0|95.7|95.6|.|0|.|97.6|95.2|95.4|96.5
135001|17-18|95.8|.|94|96.1|.|.|.|.|0|0|.
136901|17-18|95.9|0|95.6|96.4|0|.|.|0|95.6|95.5|96.8
137901|17-18|94.6|95.4|94.4|95.3|0|98.4|.|0|93.9|94.8|95.9
137902|17-18|96.8|0|96.9|96.1|.|0|.|0|96.3|96.8|97.1
137903|17-18|95.2|.|94.9|95.7|0|0|0|0|90.7|94.6|97.4
137904|17-18|97|98.3|96.9|97.3|0|97.9|0|97.1|96.7|96.4|0
138902|17-18|95.2|97.2|94.4|96|0|.|.|95.2|90.9|94.9|93.4
138903|17-18|97|96.9|97|97.3|0|0|.|94.3|96.9|97.1|98.5
138904|17-18|97.6|.|96.9|97.8|.|.|.|0|98.7|97|0
139905|17-18|96.5|95.7|97.7|96.4|96.4|0|.|95.7|95.9|96.2|98
139908|17-18|95.9|96.6|95.7|95.8|0|.|.|97.4|96.4|95.9|98.4
139909|17-18|95.8|96|96.4|95.3|92.6|98.1|0|95.7|95|95.7|97.3
139911|17-18|96.6|96.1|96.4|96.7|94.9|99.2|97.4|96.6|95|96|97.6
139912|17-18|96.7|95.9|96.7|96.7|96.5|.|.|96.5|95|96.3|97.3
140901|17-18|95|93.1|95.1|96.7|.|.|.|0|94.5|94.8|96.2
140904|17-18|95.7|96.6|95.5|96.1|0|0|.|97.4|95.9|95.5|96
140905|17-18|96.5|0|96.4|96.7|.|.|.|0|96.5|96.6|97.3
140907|17-18|95.5|93.9|95.3|96.1|.|0|.|.|94|95.1|96.7
140908|17-18|96.6|0|96.2|97.2|0|.|.|95.9|96.7|96.4|97.8
141901|17-18|95.5|96.5|95.3|95.5|94|96.8|94.9|95.8|94.9|94.8|96.1
141902|17-18|96.6|0|96.6|96.5|0|0|.|0|96.7|96.2|97.9
142901|17-18|94.7|0|94.8|93.6|0|98.2|.|95.2|94.3|94.7|95.7
143901|17-18|96.4|96.3|95.9|96.6|0|0|.|96.6|94.1|95.4|97
143902|17-18|97.1|0|96.7|97.3|0|.|.|0|97.1|96.5|97.1
143903|17-18|97.5|97.1|96.6|97.7|0|0|.|97|96.8|96.7|97.7
143904|17-18|97.5|97.9|98.1|97.3|0|0|.|0|97.3|97.3|0
143905|17-18|97.8|.|97.6|98|.|.|.|0|97.7|96.3|.
143906|17-18|97|0|0|96.9|.|.|.|0|94.5|96.3|.
144901|17-18|96|95.2|95.9|96.2|0|98.4|.|94.3|95|95.5|96.5
144902|17-18|96.5|96.8|96.2|96.6|0|.|0|95.1|94|95.6|95.8
144903|17-18|96.3|97.7|96.3|94|0|.|.|96.2|97.7|95.8|98
145901|17-18|96.1|95.3|96.8|95.6|0|99.3|.|95.8|95.4|96.1|97.3
145902|17-18|96.7|97.7|97.3|96.5|0|0|.|0|96.1|96.4|97.4
145906|17-18|96|95.6|97.2|95.7|0|95.6|.|96|95.1|95.7|97.2
145907|17-18|97.2|98.2|96.7|97|.|0|.|0|97.6|97.2|0
145911|17-18|96.1|97.4|96.8|95.7|0|97.2|.|94.4|94.2|95.7|96.7
146901|17-18|94.8|95.2|95.5|93.2|94.7|97.3|0|92.7|92.8|94.9|95.9
146902|17-18|95.1|95.1|96|94.3|95.8|98.4|0|95.2|93.6|95|96.5
146903|17-18|97.1|96.9|97.6|96.8|.|.|0|0|96.2|96.7|97.6
146904|17-18|94.7|96.1|95.7|94.5|96.5|0|0|94|92.6|94.4|96.4
146905|17-18|94.7|96.4|96.5|94.5|.|.|0|92.8|93.2|94.2|0
146906|17-18|95.9|95.9|96.6|95.4|0|98.1|.|95|95.4|95.7|96.9
146907|17-18|95.8|95.9|96.5|95.7|93.6|0|0|97|94.8|95.3|97.6
147901|17-18|96.9|97.7|96.6|96.8|.|.|.|97.1|96.9|96.6|97.7
147902|17-18|95.1|96.1|95.4|94.7|92.7|98.3|0|95.2|93.8|94.9|97
147903|17-18|95.5|95.4|96.1|94.2|90.2|98.6|.|95.6|94.8|95.6|96.4
148901|17-18|96.6|.|96.9|95.9|0|0|.|0|96|96.8|97.5
148902|17-18|96.5|.|96|96.8|0|0|.|0|97.1|95.9|96.8
148903|17-18|94.9|0|93.2|95.2|.|0|.|.|94.4|94.8|0
148905|17-18|96.7|.|96.7|96.7|0|.|.|96.5|97.3|96.7|0
149901|17-18|95.9|95.5|95.7|96.2|0|0|.|97.5|94.4|95.3|95.9
149902|17-18|96.1|0|96.1|96.1|.|0|0|0|95.8|95.8|96.6
150901|17-18|95.5|96.6|95.8|95.4|90.7|97.9|.|96.1|94.5|95.2|96.3
152802|17-18|97.6|98.1|97.2|0|.|.|.|0|96.7|97.4|.
152803|17-18|86.2|82.5|86.4|88.6|0|.|.|0|87.3|86.1|0
152901|17-18|95.6|95.7|95.3|96.2|95.3|98|95.2|96|94.9|95.2|96.5
152902|17-18|96.7|96.1|96.5|97.1|0|0|.|95.1|95.7|96.5|96.9
152903|17-18|95.7|95.8|95.7|95.9|0|0|.|95.5|94|95.5|96.4
152906|17-18|96.8|96.7|96.6|97|96.9|98.1|0|97|95.9|96|97.2
152907|17-18|96.4|96.3|96|96.7|95.2|98|0|96.9|95.7|95.7|96.8
152908|17-18|96|96.6|96|96.1|96|0|0|96.4|96.2|95.8|97.4
152909|17-18|96.6|94.8|96.2|96.9|0|0|.|96.6|96|96|97.5
152910|17-18|96.8|0|96.3|97.2|0|.|.|0|95.4|96|96.8
153903|17-18|96.7|0|96.3|97.6|.|.|.|.|95.5|96.7|95.9
153904|17-18|95.2|94.3|94.7|96.2|0|0|.|94.9|92.2|94.4|94.9
153905|17-18|96.9|0|96.4|97.1|0|.|.|0|96.5|96.1|96.4
153907|17-18|95|.|94.7|96|.|.|.|0|94.4|95.1|96.8
154901|17-18|96.9|97|97.4|96.5|0|97.5|.|95.7|96|96.8|97.5
154903|17-18|95.3|0|96.2|95|.|99.1|.|0|94.9|95.3|96.8
155901|17-18|94.4|95.9|94.8|93.5|0|95.9|.|93.2|94|94.3|97.6
156902|17-18|94.8|91.5|94.3|95.7|.|0|.|96|92.9|94.1|94.5
156905|17-18|95.9|.|96.4|95.5|.|0|.|0|95|95.3|97.4
157901|17-18|97|0|96.8|97.1|.|0|.|0|95.6|96.6|97.3
158901|17-18|94.2|94.5|94.2|94|91.3|97.1|.|93.3|93.4|93.9|96.3
158902|17-18|96.2|95|96.1|96.3|.|.|.|94.6|95.3|95.9|97.2
158904|17-18|96.2|.|96.6|96|.|.|.|0|97.5|96.2|98
158905|17-18|97.1|97.4|97|96.9|0|99.2|.|97.1|96.6|97|97.6
158906|17-18|95.9|96.8|96.2|95.6|0|0|0|95.6|94|95.5|94.3
159901|17-18|94.8|96.1|94.9|94.4|88.4|98.4|93.5|94.5|92.5|94.7|94.9
160901|17-18|95.9|96.8|95.8|95.9|0|99.4|.|95.1|94.4|95.6|96
160904|17-18|95.5|.|96.3|95.3|.|.|.|.|95.1|95|.
160905|17-18|95|.|94.6|95.6|0|.|.|.|93.6|95.1|.
161801|17-18|97.6|97.1|97.7|0|.|0|.|.|96.3|97.6|97.6
161802|17-18|96.9|97.6|96.9|96.3|.|95.1|.|96.3|96.4|96.9|97.8
161807|17-18|96.2|96.5|96|95.8|94.5|96.8|97.6|95.9|95|96.1|96.5
161901|17-18|97.1|96.3|96.2|97.2|0|0|0|97.5|95.4|95.6|0
161903|17-18|97.1|97.1|96.8|97.2|97.1|98.3|97.8|96.8|95.6|96.7|97.3
161906|17-18|96|96.3|96.2|94.7|94.5|0|.|95.2|93.8|96|97.1
161907|17-18|97.3|98.2|97.3|97.3|98|0|0|97.6|96|96.5|98.4
161908|17-18|96.8|97.2|97|96.6|.|0|.|95.4|96.1|96.8|97.5
161909|17-18|96.7|96|96.9|96.7|96.3|0|0|96.4|95.2|96.4|97.4
161910|17-18|96.2|97.2|95.5|96.4|0|.|.|95.4|94.5|96|96.2
161912|17-18|96.6|97.5|96.9|96.5|0|0|.|98.2|96.5|96.3|0
161914|17-18|94.4|93.9|94.7|94.2|94.7|97.2|0|94.2|92.4|94.8|96
161916|17-18|96.7|97.1|97|96.7|0|.|.|96.9|95.5|96.4|97.9
161918|17-18|96.8|0|96.4|96.9|0|0|.|96.6|96.1|96.5|95.1
161919|17-18|95.7|96.5|96.3|95.3|0|0|0|96.7|95.8|95.2|96.6
161920|17-18|96.8|97.8|96.8|96.8|0|97.8|0|96.1|96.3|96.2|97.7
161921|17-18|95.4|95.6|95.8|94.7|95.7|95.3|0|94.6|94.4|95.3|96.3
161922|17-18|96.5|96.8|96.4|96.5|93.6|98.5|.|96.2|95.4|95.8|98.1
161923|17-18|97.2|98.3|97.2|97.1|.|0|0|97.1|95.9|97|98.2
161924|17-18|97.6|0|96.1|97.9|0|.|.|0|96|97.6|0
161925|17-18|95|98.3|95.7|94.7|0|.|.|0|94.1|94.6|99.1
162904|17-18|96.8|0|96.2|97.1|0|0|.|0|97.6|96|0
163901|17-18|95.5|95.1|95.3|95.9|0|0|0|94.8|94.5|95|96.4
163902|17-18|95.3|.|94.3|96.2|.|0|.|96.5|94.6|94.4|0
163903|17-18|95|0|95|94.8|0|0|0|94.6|94.7|94.7|96.5
163904|17-18|94.8|96.4|94.4|95.7|0|0|0|95.3|93.1|94|96.6
163908|17-18|96|95.8|95.8|96.4|94.1|96.8|94.6|96.1|95.1|95.4|96.4
164901|17-18|96|0|95.4|96.5|.|.|.|0|94.5|95.7|96.9
165802|17-18|97.7|98.4|97.7|97.6|0|0|.|0|98.3|97.7|97.5
165901|17-18|95|94.8|94.8|95.1|93.4|97.6|95.5|95.4|93.6|94.7|95.9
165902|17-18|95.1|95.7|94.9|95.2|96.9|0|.|94.6|93.8|94|94.8
166901|17-18|95.6|96.1|95.2|96|0|99.1|.|94.9|94.4|95.1|95.7
166902|17-18|96.5|96.5|96.6|96.5|.|.|.|0|96.4|96.6|97.3
166903|17-18|96.5|94.3|97.3|96.4|0|0|0|95.5|94|96.5|97.7
166904|17-18|96|96.8|95.8|96|0|97.7|0|95.9|94.9|95.5|96.4
166905|17-18|96.5|94.6|95.4|96.9|.|.|.|94.6|92.9|95.4|94.7
166907|17-18|95.5|0|95.3|95.8|.|.|.|0|95.8|95.4|0
167901|17-18|96.4|0|96.5|96.3|0|0|0|0|95.6|96.2|96
167902|17-18|94.5|0|95.9|94|.|.|.|0|94.5|94.7|0
167904|17-18|95.9|.|96.5|95.6|.|.|.|0|96|95.6|.
168901|17-18|95|93.2|95.1|95|0|99.4|.|96.1|94|94.5|97.1
168902|17-18|93.5|95.3|93.7|92.9|.|.|.|0|93.2|93|0
168903|17-18|95.3|0|95.5|95.2|0|.|.|0|93.1|94.6|.
169901|17-18|96.3|97.4|97.1|96.2|93.5|97.3|.|96|95.8|95.8|97.5
169902|17-18|96.4|98|96.8|96.3|97.1|0|.|95.1|95.6|96.1|97.3
169906|17-18|95|.|94.1|95.1|0|.|.|0|95.2|94.2|0
169908|17-18|96.6|.|97.3|96.4|.|.|.|0|97|96.5|.
169909|17-18|97.1|.|95.4|97.3|.|.|.|0|96.9|96.6|.
169910|17-18|95.3|.|95.1|95.2|.|.|.|0|95|95.9|.
169911|17-18|97.3|.|96.7|97.4|0|0|.|96.4|97.2|97.2|0
170801|17-18|94.8|94.2|95.3|0|.|.|.|94.6|94.6|94.9|95.9
170902|17-18|96.4|96.4|96.5|96.2|95.6|98|96|96.5|95.3|95.9|96.9
170903|17-18|95.3|95.8|95.9|95.2|95.2|96.8|96.5|95.7|94.3|94.4|96.6
170904|17-18|95.2|95.1|95.7|95|95|97.7|95.1|94.4|94.2|95|96.4
170906|17-18|96|95.8|96.4|95.7|96.5|98|94.3|95.8|94.5|95.7|97
170907|17-18|95.3|93.9|96.5|94.5|93|0|.|95.6|93.9|95.3|97.1
170908|17-18|95|95.8|95.4|94.1|92.6|96.9|95.5|93.9|93.3|94.9|96
171901|17-18|96|96|95.9|96|96.5|97.3|0|95.9|94.4|95.9|96.5
171902|17-18|96.2|0|96.5|95.7|0|0|.|0|94.5|96.3|96.7
172902|17-18|95.3|95.8|96.1|94.1|0|95.4|0|95.5|94.4|95.2|96.9
172905|17-18|95.7|96.5|95.9|95.6|0|0|.|94|94.8|95.3|97.6
173901|17-18|97.1|.|97.9|96.9|.|.|.|0|96.4|96.9|.
174801|17-18|98.5|99|98.8|98.4|.|98.1|0|98.5|98.5|98.5|98.6
174901|17-18|95.7|96.5|96.5|95.5|.|.|.|96.2|93.6|95.5|97
174902|17-18|96|96.6|96.9|95.8|0|0|0|96.5|94.6|95.3|96.6
174903|17-18|96.5|96.9|96.9|96.4|0|98.5|.|95|94.5|96|97.4
174904|17-18|96.1|95.8|96.4|95.8|97.2|98.1|.|95.3|95.1|96.1|96.9
174906|17-18|97.1|0|97.5|97.1|.|0|.|95.5|95|96.7|98.1
174908|17-18|97.1|97.3|97.4|97|0|97.1|.|97.9|95.5|96.5|97.6
174909|17-18|97|98.7|98|96.8|.|.|.|96.2|96.7|96.5|98.1
174910|17-18|96.2|.|0|96|0|.|.|0|95.1|96.2|.
174911|17-18|97|98.5|96.8|96.9|96|0|.|98|96|96.3|97.8
175902|17-18|95.8|95.5|95.5|95.9|0|0|.|96.1|93.9|95.3|96
175903|17-18|95.8|95.9|96|95.3|96.6|97.3|95.4|94.9|94.4|95.7|96.8
175904|17-18|96.3|96.5|96.9|96.2|0|.|.|96.1|95.7|96|97
175905|17-18|95.9|92.9|97.2|95.5|.|.|.|95|94.7|96|97.3
175907|17-18|96.1|95.9|96.7|95.9|0|0|.|95.2|94|95.9|96.7
175910|17-18|96.4|97.4|96.5|96.4|0|0|0|95|94.7|95.9|96.1
175911|17-18|96.5|95.8|96.8|96|0|0|.|97.2|95.1|96.5|97.1
176901|17-18|94.3|95.6|0|93.9|0|.|.|0|93.1|94.1|0
176902|17-18|94.4|95.2|94.3|93.9|0|96.6|.|94.3|93.2|94.2|.
176903|17-18|94.6|96.7|95|94.6|89.6|.|.|0|94.4|93.9|.
177901|17-18|96|95.6|95.9|96.1|.|.|.|96.4|95.4|95.3|94
177902|17-18|95.5|94.8|95.4|95.7|0|99.5|.|95.1|94.1|95.2|97.5
177903|17-18|94.7|.|94.8|94.6|0|.|.|.|90.1|91.5|0
177905|17-18|96.5|.|95.6|96.7|.|0|.|.|94.7|95.8|.
178801|17-18|96.4|0|96.5|0|.|.|.|.|0|96.5|98.5
178807|17-18|95.5|96.7|95.2|95.5|0|99|.|96.5|95.7|96|0
178808|17-18|96.7|0|96.6|96.6|0|98.1|.|97.8|96.3|0|95.9
178901|17-18|94.9|0|94.9|95.1|.|0|.|.|93.2|95|0
178902|17-18|96.5|96.9|96.5|96.7|0|0|0|0|94.7|96|96
178903|17-18|95.5|95|95.2|95.9|97.7|97.7|0|95|94|94.5|96.6
178904|17-18|94.8|94.7|94.6|95.3|92.4|97.9|96|95.6|93|94.3|96.6
178905|17-18|96.6|0|96.4|98.2|.|.|.|0|95.8|96.3|0
178906|17-18|97|97.2|96.9|97.1|0|98.5|0|98.1|96.4|97.2|0
178908|17-18|95.9|0|95.6|95.9|0|98.2|.|96|95.6|95.5|0
178909|17-18|92.7|92.2|92.7|91.8|0|0|0|0|91.5|92.3|95.4
178912|17-18|95.4|95.6|95.3|95.6|97.5|98.7|0|94.5|93.9|94.6|96.5
178913|17-18|95.4|97.6|95.4|95.4|.|.|.|0|94.5|95.3|97.4
178914|17-18|95.8|95|95.7|95.7|97|98.3|96.1|96.1|94.8|94.9|96
178915|17-18|94.3|95.3|94.3|93.4|0|.|.|94.5|92.3|94.2|94.9
179901|17-18|95.9|0|96|95.7|0|92.1|0|96|95|96|96.5
180901|17-18|96.6|96.2|97.2|96.6|.|0|.|95.2|96.7|96.9|0
180902|17-18|97.3|0|97.5|97.2|0|0|.|96.3|95.4|97.1|98.7
180903|17-18|95.6|.|95.2|96.4|.|.|.|0|95.1|95.7|93.6
180904|17-18|97.6|0|97.6|97.5|.|.|.|0|98.1|97.5|.
181901|17-18|96.3|96|96.6|96.2|92.5|98.6|0|96.2|94.6|95.3|97.4
181905|17-18|95.9|96.2|95.5|95.9|95.1|98|.|96.6|94.3|95.1|95.1
181906|17-18|94.5|95|94.7|92.9|91.4|97.6|0|94.3|92.9|94.4|95.3
181907|17-18|95.8|96.5|95.6|95.8|91.6|97.7|0|94.8|94.4|95.1|96.7
181908|17-18|95.3|95|95.2|95.3|94.2|96.7|0|94.6|93.8|94.1|94.4
182901|17-18|96.1|0|94.8|96.4|.|0|.|0|96.1|95.2|.
182902|17-18|95.8|.|95.8|95.8|0|0|.|0|94.4|95.5|96.5
182903|17-18|94.8|95.7|95.4|94.3|90.5|95.6|.|95.4|92.5|94.6|96.5
182904|17-18|96.6|0|96.9|96.5|0|0|.|96.9|96.3|96.3|97.9
182905|17-18|96.5|0|97.3|96|0|.|.|0|96.3|97.1|96.3
182906|17-18|96.4|.|96.4|96.4|.|.|.|0|97.9|96.4|96
183801|17-18|95.5|97.4|96.4|95.2|0|0|.|0|0|95.5|.
183901|17-18|96.2|96.6|96.4|96.2|0|0|0|96.1|94.4|95.5|97.9
183902|17-18|95|95.6|95.7|94.5|0|95.4|0|95.2|93.9|95|96.5
183904|17-18|95.6|0|96.4|95.5|0|0|.|92.6|95.9|94.7|95.8
184801|17-18|91.6|0|93.9|90.9|0|.|.|0|92.7|90.6|.
184901|17-18|94.8|.|95.2|94.7|0|.|.|0|94.5|93.9|96.9
184902|17-18|95.8|95.7|96.6|95.6|96.7|96.2|0|95.5|95|95.3|97.3
184903|17-18|95.8|96|96.2|95.6|95.5|97.7|0|95|94.6|95.2|97
184904|17-18|96.2|97.6|96.1|96.2|0|0|.|96.9|95.9|95.7|97.5
184907|17-18|96.9|96.6|96.8|97|96.5|96.7|0|97.1|95.8|95.7|96.9
184908|17-18|96.3|96.4|96.3|96.3|0|0|0|97|95.6|95.8|96.5
184909|17-18|96.9|97.4|96.9|96.9|0|96.9|.|96.8|95.6|95.4|96.8
184911|17-18|96.8|.|97.1|96.7|0|.|.|0|95.8|96.8|97.8
185901|17-18|96.1|.|96.2|94.7|.|.|.|0|95.1|96|96.5
185902|17-18|97|0|96.8|97.3|.|.|.|0|96.1|96.7|97.2
185903|17-18|96.4|93.8|96.4|96.7|0|0|.|0|95.4|96.3|95.9
185904|17-18|95.8|0|96.5|95.4|0|.|.|0|95.7|95.9|95
186901|17-18|95.7|0|95.9|95.3|0|0|.|.|96.1|95.2|96.4
186902|17-18|92.9|92.8|92.9|92.9|0|97|.|93.2|91.4|92.7|94.2
186903|17-18|95.4|0|95.6|95.3|0|0|0|.|93.8|95.3|96.4
187901|17-18|96|0|95.5|96|96.4|0|.|95.8|96.2|95.9|.
187903|17-18|97.3|97.6|97.8|96.2|.|.|.|97.4|96.3|97.3|98.7
187904|17-18|96.9|97.8|97.1|96|0|0|.|97|96.2|96.8|98
187906|17-18|96.7|97.4|97.5|96|0|.|.|0|95.2|96.7|98
187907|17-18|96.1|96.8|96.8|95.8|92.8|98.6|0|95.3|95.3|95.9|97.7
187910|17-18|95.9|95.9|95.6|95.9|0|97.7|.|95.9|95.9|95.8|96.7
188901|17-18|95.6|95.7|95.3|95.8|95.4|97.4|96|95|94.7|95.4|96.7
188902|17-18|95.6|95.5|95.7|95.6|93.5|97.9|.|94.6|95.2|95.4|94.6
188903|17-18|96.2|95.9|96.3|95.9|96.6|97.8|0|97|95.7|96.2|97.9
188904|17-18|96.1|97.9|95.3|96.3|97.8|96.8|.|95.6|96.2|95.4|96.9
189901|17-18|93.7|.|93.9|92.4|.|0|.|0|93.8|93.7|94.6
189902|17-18|95|.|95|94.7|0|97.8|.|0|94|95.1|94.8
190903|17-18|95.6|95.9|96.4|95.4|96.1|0|0|94.8|94.3|95.2|96.2
191901|17-18|96|96.6|95.8|96|95.1|97.6|95.3|94.6|95.3|95.1|96.9
192901|17-18|95.3|96.3|95.2|95.5|0|0|0|0|94.8|95.1|94.9
193801|17-18|88.2|0|85.6|90.4|.|.|0|0|88.3|87.9|0
193902|17-18|96.2|0|96|96.3|.|.|.|96.2|95.5|96.2|95.1
194902|17-18|96.5|0|96.4|96.4|97|0|.|97.1|96.3|95.9|97
194903|17-18|95.9|96.9|96.4|95.9|0|0|.|93.2|95.3|95.4|96.9
194904|17-18|96.2|96.3|97.2|94.7|0|0|.|96.1|95.3|96.4|98.1
194905|17-18|96.2|95.9|96.6|96.3|0|0|.|96.2|96|96|0
195901|17-18|94.9|96|94.8|94.8|96.7|98.6|0|0|94.6|94.7|95.4
195902|17-18|95.7|.|95.7|95.2|.|.|.|.|95.1|95.7|96.1
196901|17-18|95.6|0|95.7|95.3|.|.|.|0|93.2|95.9|.
196902|17-18|97.1|98.1|97.1|97.1|.|0|.|97|96.6|97|.
196903|17-18|95.5|94.5|95.5|96.1|.|.|0|95.2|95.1|95.3|96.3
197902|17-18|96.6|0|96.8|96.6|0|.|.|0|96.9|96.6|.
198901|17-18|95.7|96.4|95.2|95.7|0|0|.|95|95.4|95.5|96.7
198902|17-18|95|96|90.6|90.7|.|0|.|0|92.2|95.5|.
198903|17-18|96.9|96|97.2|96.9|0|98|0|96.1|96.2|96.2|97.6
198905|17-18|95.5|95.8|95.4|94.6|0|.|.|95.6|95.4|95.5|96.8
198906|17-18|97.2|97.5|97.1|97.5|.|97.9|.|96.3|97|97.1|97.1
199901|17-18|96.6|96.9|96.7|96.5|95.9|97.8|96|96.6|95.7|96.2|97.3
199902|17-18|95.9|97.1|96.1|95.6|95.5|97.7|0|96.1|94.9|95.6|96.5
200901|17-18|95.2|93.4|95.3|95.2|0|99.9|.|94.6|93.9|94.5|98
200902|17-18|96.9|0|96.4|97.2|.|0|.|0|96.9|96|95.6
200904|17-18|96.2|96.5|96.5|95.7|.|0|.|94.9|95.6|96|96.7
200906|17-18|95.7|0|95.4|96.4|.|.|.|0|95.7|95.4|0
201902|17-18|96.2|96.6|96.6|95.9|96.8|96.8|0|95.7|94.9|96|96.8
201903|17-18|96.7|97.3|97.3|94.6|.|.|.|0|95.6|96.8|97.2
201904|17-18|95.2|95.9|96|94.7|0|0|.|92.5|93.8|95.2|97.2
201907|17-18|95.7|94.1|96.2|96.1|0|0|.|93.2|95.3|95.3|97.2
201908|17-18|95.3|95.9|95.7|95.1|0|0|.|96.3|94.9|95.1|0
201910|17-18|95.5|96.2|95.9|95|0|0|.|95.5|94.6|95.2|96.4
201913|17-18|95.9|96.6|96.4|95.2|95.2|0|.|97.7|94.1|96|96.6
201914|17-18|96.8|96.5|97.3|96.6|97|0|0|97.2|96.7|96.7|96.9
202903|17-18|94.9|96.4|94.7|94.5|0|0|.|97.1|94|94.6|95.9
202905|17-18|95.3|95.8|95.9|95.2|0|0|.|95.4|94.6|95.1|95.6
203901|17-18|96.4|96.9|96.9|94.6|.|0|.|95.7|95.2|96.4|97.3
203902|17-18|94.6|0|96.6|94.4|0|.|.|96.4|93.7|94.6|97.2
204901|17-18|94.9|97|95.2|94.3|0|98.2|.|95.1|93.8|94.5|96.5
204904|17-18|95.5|97|96.6|94.8|94.1|95.2|.|94.7|94.6|95.5|97
205901|17-18|95.1|95.5|95.1|95|92.9|98.7|0|96.7|93.9|95.1|95.3
205902|17-18|95.2|94.7|94.8|95.7|94.7|97.6|96|96.4|93.8|94.6|95.4
205903|17-18|95.7|95|95.7|95.5|97.4|98.4|0|95.3|94.5|95.5|97
205904|17-18|94.6|92.4|94.6|95|0|0|.|0|94.4|94.4|96
205905|17-18|95.4|0|95.3|96.2|0|.|.|0|94.1|95.1|97.3
205906|17-18|95.7|97.5|95.5|96.5|0|98.9|.|96.5|94|95.5|95.6
205907|17-18|94.2|0|94.2|93.5|0|.|.|94.1|94.3|94.1|97.5
206901|17-18|95.7|0|95.9|95.6|0|0|.|0|94.2|95.7|97.4
206902|17-18|94|.|92|94.5|0|.|.|0|95.5|93.1|0
206903|17-18|96.3|99.7|96.9|95.8|.|0|.|95.2|95.1|97|0
207901|17-18|96.7|0|96.6|96.8|.|0|.|98.1|96.5|96.4|96.2
208901|17-18|96|0|96.3|95.9|0|.|.|0|95.1|96|96.6
208902|17-18|94.6|93.8|94.6|94.8|93.8|97.6|.|94.5|92.9|94.1|96.1
208903|17-18|97.2|.|97.1|97.3|.|.|.|0|96.8|96.8|96.9
209901|17-18|95.8|96.7|96.3|95.6|0|0|0|97.5|94.5|95|0
209902|17-18|95.6|.|96.1|95.5|.|.|0|0|95.1|95.5|.
210901|17-18|96.4|96.4|97|95.4|0|98.5|94.2|95.2|95.5|96.4|97.2
210902|17-18|94.2|93.3|95.9|93.9|0|0|.|96.1|93.5|94|97.1
210903|17-18|95.8|96.5|96.6|95.4|0|0|.|95.2|94.7|95.6|96.4
210904|17-18|96.9|97.5|98|95.2|0|0|.|96.7|95.6|96.9|98.7
210905|17-18|96.3|97.5|96.6|95.8|.|.|.|96.4|95.2|96.3|97.5
210906|17-18|96.7|0|95.5|96.8|.|.|.|0|96.3|96.9|0
211901|17-18|97.4|.|97.7|97.2|0|.|.|0|96.9|97.5|98.2
211902|17-18|96.6|0|96.6|96.5|.|0|.|97.1|95.7|96.8|97.1
212801|17-18|96.3|96.8|96.6|95.9|0|96.9|0|96.3|95.4|96|97
212804|17-18|96.8|97.6|97|96.6|0|98.2|0|97.2|96.8|96.7|97.1
212901|17-18|96.4|97.4|96.5|96.2|0|96.6|0|96|95.2|96.1|97.8
212902|17-18|96.7|97.5|96.8|96.6|96.8|96.5|0|96.8|96.3|95.8|96.3
212903|17-18|96.4|96.3|96.6|96.3|96.4|97.7|0|96.1|95.2|95.9|97.4
212904|17-18|96.2|96.9|96.2|96.1|0|96.8|0|96.3|95.1|95.9|96.8
212905|17-18|95.5|95.5|95.5|95.5|96.1|97.4|0|95.4|94.4|95.3|96.1
212906|17-18|96.1|96.3|96|96.2|95.1|96.7|0|95|95.3|95.2|97
212909|17-18|96.1|96.6|96.6|95.3|0|98.3|0|95.8|95.3|96.1|97.2
212910|17-18|95.1|94.7|95.8|95|0|97.7|0|93.1|93.6|94.9|96.5
213801|17-18|93.9|96|94.8|93.4|0|0|0|0|94.7|94.2|.
213901|17-18|96.2|96.2|96.7|95.9|96.5|99.3|0|96.2|94.9|96|97.5
214901|17-18|95.3|0|95.3|97.2|0|99|.|0|93.6|95.4|95.7
214902|17-18|97.5|.|97.5|0|.|.|.|.|95.1|97.4|97.2
214903|17-18|95.1|0|95.1|98.2|.|0|.|.|94.2|95|95.5
215901|17-18|95.5|94.6|96|95.2|97.7|0|0|96.2|93.9|95|96.8
216901|17-18|96.4|.|95.9|96.8|.|.|.|96.4|95.8|96.2|97.1
217901|17-18|97.3|95.9|98|97|.|0|.|0|97.5|97.1|98.3
218901|17-18|97|0|96.9|97.2|.|0|.|97.5|95.8|96.7|97
219901|17-18|96.8|0|95.7|97.1|.|.|.|0|92|95.2|94.1
219903|17-18|95.4|95.2|95.2|95.7|0|0|.|95.8|95|95.3|97
219905|17-18|94.8|95.6|95|94.3|0|.|0|.|95.6|94.6|95.7
220801|17-18|96.6|97.1|96.7|96.4|0|97.7|0|96.5|96.5|96.6|.
220802|17-18|97.8|98.3|97.6|97.3|0|98.7|0|97.9|97.5|97.7|98.6
220809|17-18|96.7|97.2|97.1|96.4|0|98.6|.|97.3|96.7|96.6|97.6
220810|17-18|96.6|98|96|96.5|0|97.5|.|96.8|95.8|0|0
220811|17-18|96.8|96.6|96.8|96.9|0|97.9|0|0|96.1|97|97.3
220814|17-18|96.7|97.2|96.3|96.5|.|98.2|.|97.3|96.7|97.2|95.9
220815|17-18|96.6|96.9|96|96.1|0|0|.|96.4|95.9|96.2|96.2
220817|17-18|96.3|96.8|96.2|95.7|89.6|97.9|0|96.7|95.9|96.3|97.5
220819|17-18|95.8|96.3|95.8|95.7|0|96.3|0|96|94.7|95.2|96.2
220901|17-18|95.4|95.2|95.1|95.5|94.9|97.9|94.7|95.2|93.9|95.2|95.9
220902|17-18|95.8|96.2|95.8|95.6|95.3|97.7|95.2|95.2|94.4|95.6|96.7
220904|17-18|95.3|94.8|95.8|94|90.4|98.4|95|93.3|94|95.5|96.8
220905|17-18|94.6|93.2|95.1|95|93.7|96.7|94.2|93.7|93.2|94.7|95.9
220906|17-18|96.7|96.6|96.2|96.7|97|98|95.2|97.1|95.6|95.9|96.6
220907|17-18|95.9|96.3|95.6|95.7|95.1|97.4|95.3|95.9|95.2|95.3|96.4
220908|17-18|96.6|97|96.2|96.3|95.7|97.9|96.2|96.5|95.5|96.2|96.9
220910|17-18|94.5|94.4|94.7|94|90.2|97.4|0|94.5|93.1|94.5|95.7
220912|17-18|95.3|95.2|95.2|95|95.6|97.6|94.9|94.9|93.8|95|96.2
220914|17-18|96.2|96.3|96.2|96.1|94.1|98.2|95.2|95.4|94.7|95.6|97.1
220915|17-18|95.6|96.5|96|95.4|96.6|97.5|0|94.9|94.3|95.2|97
220916|17-18|96.6|97|96.5|96.3|96.3|98.1|95.2|96.3|95.6|96.4|97.3
220917|17-18|95.4|94.7|95.6|94.5|93.9|92.2|.|95.4|94.8|95.6|96.4
220918|17-18|95.6|95.9|95.4|95.4|95|97.2|95.9|95.7|94.6|95.2|96.5
220919|17-18|96.5|96.8|96.5|96.3|94.3|97.4|96.2|96.8|96.2|94.3|96.8
220920|17-18|94.6|94.3|94.8|94.3|95.4|96.8|96.7|94.9|93.8|94.3|95.9
221801|17-18|97.1|97|97.2|97.1|97.6|97.8|97.6|96.9|97.4|97.2|96.9
221901|17-18|95.2|95.4|94.9|95.4|94.8|97.2|97.1|94.9|93.7|94.7|97.2
221904|17-18|95|94.7|94.3|95.2|95.4|.|0|95.1|93.6|94.3|98.6
221905|17-18|95.7|.|96.4|95.6|.|0|.|0|95.5|94.9|0
221911|17-18|96.6|94.9|96.3|96.7|0|0|.|96|96|96|.
221912|17-18|96.8|97.1|96.6|96.8|97.1|98.6|0|97.1|96.1|96|98.3
222901|17-18|95.5|.|95.4|95.6|.|.|.|0|93|94.1|0
223901|17-18|93.4|93.5|93.2|94.6|0|0|0|89.6|91.4|93|94.3
223902|17-18|97.2|.|97.1|97.4|0|.|.|0|96.8|97|97.8
223904|17-18|96.5|0|96.3|96.7|.|.|.|.|96.6|96.4|96.4
224901|17-18|96|0|94.6|96.4|.|.|.|0|96|95.5|.
224902|17-18|96.3|.|95.7|96.4|.|.|.|0|93.7|95.7|0
225902|17-18|95.8|96|96|95.2|93.8|96.4|0|95.7|94.6|95.8|96.4
225905|17-18|96.6|0|96.6|96.7|.|.|.|0|94.7|96.6|97.1
225906|17-18|96.6|97|96.5|96.5|0|97.8|.|97.5|96.3|96.2|97
225907|17-18|97.2|0|97.4|97.1|.|0|.|93.6|96.8|97.2|97.5
226801|17-18|96.3|96|96.4|96.3|94.3|97|0|95.9|96.2|96.2|96.7
226901|17-18|96.4|.|96.4|96.5|0|0|.|95.2|95.8|95.1|0
226903|17-18|95.6|95.3|95.3|95.9|95.2|97.7|92.8|95.9|94.7|95|96.5
226905|17-18|96.7|0|95.7|96.8|0|0|.|98.4|95|96|0
226906|17-18|97.6|0|97.7|97.6|0|0|0|97|96.6|96.4|97.2
226907|17-18|95.2|92.5|95.8|94.7|0|0|0|95.8|94.6|94.8|95.8
226908|17-18|96.4|0|96.2|96.5|0|0|.|0|95.8|95.8|95.7
227803|17-18|94.9|95.5|94.6|95.2|0|96.3|0|96.9|93.3|94.7|94.9
227804|17-18|96.4|97|96.1|96.4|.|97.2|.|95.9|96.3|95.8|96.4
227805|17-18|95.3|95.6|93.5|0|0|.|.|93.1|94.1|95.2|.
227806|17-18|92.7|94.4|90.5|93.1|0|0|0|92.9|92.1|92.5|0
227814|17-18|96.5|97.6|97.3|95.8|0|97.2|0|97.3|96.5|0|97.9
227816|17-18|96.4|96.4|96.3|95.6|96.8|97.3|.|96.3|95.2|96.3|96.7
227817|17-18|96.3|96.7|96.2|95.6|.|0|.|0|95.4|96.3|96.5
227819|17-18|97|98.3|96.8|97.1|.|0|.|96.1|95.5|96.7|97.5
227820|17-18|96.9|96.7|96.9|96.1|0|97|.|96.4|96|96.9|97.2
227821|17-18|94.2|95.8|94.2|94.2|.|0|.|94.3|93.4|93.3|93.2
227824|17-18|96.1|96.5|96.1|95.7|.|.|.|0|95.2|96|96.6
227825|17-18|97.2|96.6|97.3|97.4|0|.|.|97.2|96.4|97.2|97.5
227826|17-18|96.7|97.1|96.5|96.8|.|0|.|98.3|94.8|96.4|96.3
227827|17-18|.|.|.|.|.|.|.|.|.|.|.
227828|17-18|0|0|0|0|.|.|.|.|.|0|0
227901|17-18|95.2|94|94.7|96.2|93.7|97.6|95.7|95.9|93.6|94.4|95.4
227904|17-18|95.9|95.6|95.5|96.4|93.5|98|96.9|96.1|94.7|95.4|96
227907|17-18|94.8|94.2|94.8|94.4|95.8|97.9|97.5|95.2|92.2|94.8|95.9
227909|17-18|96.2|95.5|96|96|94.6|97.5|0|96.3|95.5|95.2|96.8
227910|17-18|94.6|95.1|94.6|94.4|94.3|97.7|95|95.3|92.6|94.7|95.7
227912|17-18|95.9|97.5|96|95.8|0|0|92.7|96.1|94.7|94.8|96.4
227913|17-18|95.8|96.2|95.8|95.7|95.3|97|95.8|95.8|94.7|95.3|96.8
228901|17-18|95.9|95.6|97.6|95.6|0|0|.|95.8|95.6|95.4|98.1
228903|17-18|94.5|95.4|96|93.7|0|0|.|92.4|94.7|94.8|97.1
228904|17-18|96.4|.|94.9|96.5|.|.|.|.|93.5|96|.
228905|17-18|97|98|97.9|97.1|0|.|0|0|96.6|96.3|.
229901|17-18|95.6|96.2|96.4|95.5|.|0|.|98|94.5|95|.
229903|17-18|96.4|97.2|97.7|96|96|98.6|0|95.8|95.2|96.1|98.3
229904|17-18|95.2|97.1|94.9|95.2|94.9|98.9|.|93.3|94.2|94.6|93.4
229905|17-18|94.6|0|95.1|94.6|0|.|.|0|92.7|94.2|98.1
229906|17-18|95.8|95.9|96.7|95.7|.|.|.|0|95.6|94.8|.
230901|17-18|95.9|97.5|96.4|95.4|0|.|.|97.1|94.4|95.5|97.3
230902|17-18|95.9|96.4|96.1|95.6|96.5|97.8|.|96.2|94.6|95.4|96.6
230903|17-18|95.4|96.2|96.7|95.1|90.4|0|0|95.9|94.7|95.1|97
230904|17-18|95.3|96.2|96.2|95|0|0|.|95.3|94|95|96.7
230905|17-18|95.9|96.2|96.7|95.8|0|0|.|95.4|94|95.7|97.1
230906|17-18|96.2|97|96.5|96|95|0|0|96.8|95.2|95.8|96.2
230908|17-18|96.3|0|96.2|96.3|99.2|0|.|96.9|94|95.7|98.3
231901|17-18|93.8|93.8|93.7|94.1|0|.|.|0|91.3|93.3|92.1
231902|17-18|96|0|96.1|95.8|0|.|.|0|96.5|96|97
232901|17-18|97.2|.|97.2|97.1|0|0|.|0|97.1|97|95.9
232902|17-18|95.4|0|95.4|95.4|0|.|.|0|93.6|94.8|97.6
232903|17-18|92.4|93.1|92.3|93.1|0|98.7|0|90.4|89.5|92|93.4
232904|17-18|95.7|0|95.9|95.6|.|0|.|0|95.8|95.8|97.3
233901|17-18|95.4|94.6|95.4|95.4|97.8|97.6|0|96.2|93.8|95.1|95.4
233903|17-18|95.7|0|96.5|95|0|0|.|0|96.1|96.4|0
234801|17-18|95.7|0|97.3|95.6|0|.|.|0|93.3|91|.
234902|17-18|96.5|97.2|96.9|96.4|96.2|98.4|0|96.5|95.2|96.1|98.2
234903|17-18|95.8|94.9|96.7|95.7|0|0|.|94.8|94.5|95|97.5
234904|17-18|95.7|0|96.5|95.5|0|0|.|93.7|94.3|95.6|97.4
234905|17-18|97.5|96.7|97.8|97.4|0|0|.|97.7|96.6|97.2|97.9
234906|17-18|95|95.9|95.4|94.9|94.8|0|.|95.8|94|94.5|96.7
234907|17-18|95.7|96.1|96.2|95.5|95.8|97.5|0|95.9|94.3|95.3|96.6
234909|17-18|95.4|0|97.8|95.1|0|0|0|95.6|96.1|95.7|97.6
235901|17-18|92.9|93.4|93|91.4|0|.|.|95.9|91.1|92.9|95.4
235902|17-18|95|95.3|94.6|95.9|95.1|98.3|94.5|94.3|93.8|94.4|96.6
235904|17-18|96.9|0|96.6|97.4|.|.|.|0|95.6|96.1|0
236801|17-18|100|100|100|100|.|0|.|0|100|100|100
236802|17-18|.|.|.|.|.|.|.|.|.|.|.
236901|17-18|96.2|96.2|96.7|96|96.7|0|.|96|95.9|95.9|96.8
236902|17-18|96|95.6|96.4|95.7|97.4|98.8|98.7|95.5|94|95.4|96.7
237902|17-18|95|94.6|95.4|93.8|0|98.1|0|92.2|92.3|95.2|95.6
237904|17-18|95.9|96|96.2|95.3|95|97.2|94.9|95.9|94.4|96|96.9
237905|17-18|95.8|95.7|96|94.6|0|0|.|94.5|94.6|96|96.9
238902|17-18|95|95.3|95.2|94.6|93.8|99.1|.|91.4|93.6|94.7|95.3
238904|17-18|95|0|95.1|94.8|.|.|.|0|95.3|94.7|.
239901|17-18|95.8|96|95.4|96.1|95|98|0|94.4|94.4|95.3|96
239903|17-18|96.9|96.9|96.3|97.1|0|0|.|95.5|96.3|96.5|96.3
240801|17-18|86|.|86|0|.|.|.|.|87|86.2|86.6
240901|17-18|96|98.7|96|97.3|96.1|98.9|0|94.5|94.6|96|96
240903|17-18|96|97.5|96|96.2|95|98.7|0|97.9|94.3|95.6|95.8
240904|17-18|96.4|.|96.3|98|.|.|.|.|96.2|96.4|96.1
241901|17-18|96.6|96.5|96.6|96.7|.|0|0|95.7|95.4|96.2|97.1
241902|17-18|97|96.5|96.1|97.5|.|0|.|93.4|96.2|96.4|96.8
241903|17-18|95.2|94.7|95.1|95.6|92.7|0|0|95.8|93.8|95|96.8
241904|17-18|95.1|95.6|94.8|95.6|.|96.9|.|93.7|93.6|95|96.7
241906|17-18|96.1|95.3|96.2|96|0|0|.|0|93.3|95.9|96.1
242902|17-18|95.6|95.5|95|95.8|96.8|0|.|96.4|95.4|95.1|94.7
242903|17-18|97.1|0|97|97.3|0|0|.|0|96.9|96.9|97.4
242905|17-18|94.4|.|94.8|94.1|.|0|.|0|96|94.2|95.8
242906|17-18|96.3|.|98.1|96.2|.|.|.|95.1|94.5|94.7|.
243901|17-18|95.1|96.3|95.3|94.8|94|98|0|95.3|93.9|94.4|97
243902|17-18|96.9|96.8|97.3|96.8|0|0|.|96.6|95.9|96.5|0
243903|17-18|96.5|96.5|96.1|96.5|95.8|99.1|0|96.6|96.1|96.1|97.6
243905|17-18|96.3|96.1|96.3|96.2|96.2|98.3|95.8|96.3|95.2|95.9|97.1
243906|17-18|96.4|97.8|96.4|96.2|95.3|97.4|.|96.7|95.4|96.2|96.6
244901|17-18|96.6|0|95.4|97.6|0|0|.|0|97.9|96.2|.
244903|17-18|95|94.4|95|94.7|96.5|97.2|97.6|96.6|92.4|94.5|96.7
244905|17-18|97.2|98.4|96.6|97.3|.|0|.|0|97.9|96.7|0
245901|17-18|95.3|.|95.3|0|0|.|.|.|93.7|94.8|95.4
245902|17-18|95.1|0|95|96.5|.|0|.|0|92.4|94.8|95.9
245903|17-18|93.1|.|93|94.5|.|0|0|0|90.4|92.9|93.8
245904|17-18|96|0|96|96|.|.|.|0|95|95.8|97.3
246801|17-18|97.2|98.1|97.2|97|96.8|97.6|98|97.1|97|96.6|97.1
246802|17-18|.|.|.|.|.|.|.|.|.|.|.
246902|17-18|95.2|96.1|95.4|94.8|0|0|0|95.8|92.9|94.9|95.7
246904|17-18|95.6|95.7|95.3|95.9|94.4|97.2|96.9|95.5|94.7|95|96.1
246905|17-18|95.6|95.7|95.2|95.9|0|.|.|96.4|93.2|95.5|95.7
246906|17-18|96.4|97.2|96.5|96|94|97.2|97.8|96.4|96.3|96.3|97
246907|17-18|96.7|97.6|96.9|96.5|.|97.9|0|96.2|95.8|96.5|97.4
246908|17-18|96.4|97.2|96.4|96.4|96.3|97.9|97.9|96.6|95.4|95.7|96.7
246909|17-18|96.3|95.7|95.7|96.4|96.1|97.7|95|96.6|94.8|95.2|96.3
246911|17-18|95.8|95.5|95.7|95.9|0|98.4|0|95.7|94.8|95.5|96.4
246912|17-18|96.2|98|95.4|96.6|0|0|.|95.4|95.5|95.7|97.4
246913|17-18|96.2|96.3|95.9|96.1|95.7|97.6|96.7|96.5|95.1|95|96.4
246914|17-18|97.1|97.2|97.1|97.2|0|0|.|0|98.3|97|98
247901|17-18|95.7|95.7|95.4|96.2|96.4|98.5|0|96.4|94.5|95.1|97.1
247903|17-18|95.4|96.9|95.5|95.4|92.6|0|.|95.4|94.7|94.7|96.5
247904|17-18|97.4|0|97|97.7|0|0|.|0|97.3|96.5|98.1
247906|17-18|96.6|96.9|96.7|96.4|0|0|.|97.1|95.1|96.1|96.1
248901|17-18|94|96.2|94.1|93.5|0|98.3|.|90.3|93.5|93.8|94.2
248902|17-18|95.3|95.8|95|95.6|0|.|.|0|93.1|94.3|92
249901|17-18|96.1|92.8|96.8|96|0|0|.|0|94.7|95.5|97.2
249902|17-18|96|95|96.9|95.8|95.8|0|0|95.7|95.3|95.6|97.4
249903|17-18|96.4|94.5|97|95.8|93.8|0|0|96.6|95.3|96.4|97.4
249904|17-18|96.7|0|97.4|96.4|0|.|0|96.5|96.5|96.6|97.8
249905|17-18|96.4|95.7|96.5|96.4|97.1|96.5|0|95.6|95.2|96.1|97
249906|17-18|96.6|0|97.4|96.5|94.7|0|.|95|95.6|96.6|97.2
249908|17-18|96.7|.|97.3|96.4|0|.|.|0|97.2|96.8|97
250902|17-18|95.7|96.7|96.6|95.6|.|.|0|94.6|94.6|95.3|97.3
250903|17-18|95.9|96.4|96.4|95.5|95.6|97.1|.|95.9|94.9|95.7|97
250904|17-18|96.3|97.3|96.9|96.3|94.4|0|0|94.5|95.5|95.9|97.1
250905|17-18|95.7|0|97.5|95.2|0|.|.|94.8|94.6|96|98.1
250906|17-18|96|0|96.3|95.9|0|0|.|98.5|95|95.5|97.8
250907|17-18|96.5|95.9|97.5|96.4|89.9|97.2|0|96.5|95.5|95.9|97
251901|17-18|96.7|95.6|96.7|96.5|0|98.3|.|96|95.1|96.6|96.9
251902|17-18|96.2|0|96.1|96.5|.|.|.|0|94.5|96.3|96.7
252901|17-18|95.9|95.9|96.1|95.8|94.9|97.9|0|96.2|94.7|95.5|97
252902|17-18|96.8|0|97.4|96.8|.|.|.|0|96.6|96.7|0
252903|17-18|96|97.3|96.3|95.7|0|0|0|95.1|94.4|95.7|98.1
253901|17-18|93.3|.|93.2|96|.|0|.|.|90.2|93|94.2
254901|17-18|94.8|92.6|94.9|87.8|0|0|.|0|92.5|94.4|93.2
254902|17-18|95|.|94.9|95.2|.|.|.|0|91.8|94.7|95.4
